--POPOLAMENTO TABELLA IMPIEGATO--
INSERT INTO IMPIEGATO (ID_CARTELLINO,NOME,COGNOME,CF,REPARTO,EMAIL,D_N,STIPENDIO)
VALUES (111000,'SALVATORE','CAPADO','CPDSVT02B06F839K','VENDITE','capado.salv@gmail.com',TO_DATE('2002-02-06' , 'YYYY-MM-DD'),2500);

INSERT INTO IMPIEGATO (ID_CARTELLINO,NOME,COGNOME,CF,REPARTO,EMAIL,D_N,STIPENDIO)
VALUES (111001,'DIODATO','CAPADO','CPDDDT90H08F839F','VENDITE','capado.diodato@gmail.com',TO_DATE('1990-06-08' , 'YYYY-MM-DD'),3500);

INSERT INTO IMPIEGATO (ID_CARTELLINO,NOME,COGNOME,CF,REPARTO,EMAIL,D_N,STIPENDIO)
VALUES (111002,'GUIDO','GEOMETRA','GMTGDU96C25B963A','VENDITE',NULL,TO_DATE('1996-03-25' , 'YYYY-MM-DD'),1400);

INSERT INTO IMPIEGATO (ID_CARTELLINO,NOME,COGNOME,CF,REPARTO,EMAIL,D_N,STIPENDIO)
VALUES (111003,'FILIPPO','TURCO','TRCFPP00M08F352P','VENDITE','filiturc@libero.it',TO_DATE('2000-08-08' , 'YYYY-MM-DD'),1400);

INSERT INTO IMPIEGATO (ID_CARTELLINO,NOME,COGNOME,CF,REPARTO,EMAIL,D_N,STIPENDIO)
VALUES (111004,'SILVIO','FONGI','FNGSLV98H21H703H','VENDITE','fon.gi@gmail.com',TO_DATE('1998-06-21' , 'YYYY-MM-DD'),1400);

INSERT INTO IMPIEGATO (ID_CARTELLINO,NOME,COGNOME,CF,REPARTO,EMAIL,D_N,STIPENDIO)
VALUES (111005,'ANTONIO PIO','FALANCA','FLNNNP96B05F205Z','VENDITE','pio.ant@aruba.it',TO_DATE('1996-02-05' , 'YYYY-MM-DD'),1400);

INSERT INTO IMPIEGATO (ID_CARTELLINO,NOME,COGNOME,CF,REPARTO,EMAIL,D_N,STIPENDIO)
VALUES (111006,'NICOLE','IACCARINO','CCRNCL01S15L219G','VENDITE','nikiaccarino@gmail.com',TO_DATE('2001-11-15' , 'YYYY-MM-DD'),1600);

INSERT INTO IMPIEGATO (ID_CARTELLINO,NOME,COGNOME,CF,REPARTO,EMAIL,D_N,STIPENDIO)
VALUES (111007,'MARIA','NOCE','NCOMRA00A01A952I','VENDITE','marynoce@alice.it',TO_DATE('2000-01-01' , 'YYYY-MM-DD'),1600);

INSERT INTO IMPIEGATO (ID_CARTELLINO,NOME,COGNOME,CF,REPARTO,EMAIL,D_N,STIPENDIO)
VALUES (222000,'LUDOVICA','LAMBERTA','LMBLDP56T12H501L','LABORATORIO','ludT@icloud.com',TO_DATE('1998-12-12' , 'YYYY-MM-DD'),2000);

INSERT INTO IMPIEGATO (ID_CARTELLINO,NOME,COGNOME,CF,REPARTO,EMAIL,D_N,STIPENDIO)
VALUES (222001,'VALERIO','LAMBERTA','LMBVLR94T12H501T','LABORATORIO','ludlove@icloud.com',TO_DATE('1994-12-12' , 'YYYY-MM-DD'),2000);

INSERT INTO IMPIEGATO (ID_CARTELLINO,NOME,COGNOME,CF,REPARTO,EMAIL,D_N,STIPENDIO)
VALUES (222002,'SERENA','ESPOSITO','SPSSRN99C10D789I','LABORATORIO','seresp@outlook.com',TO_DATE('1999-03-10' , 'YYYY-MM-DD'),2100);

INSERT INTO IMPIEGATO (ID_CARTELLINO,NOME,COGNOME,CF,REPARTO,EMAIL,D_N,STIPENDIO)
VALUES (222003,'MARIKA','VALASSO','VLSMRK98B12A512N','LABORATORIO',NULL,TO_DATE('1998-02-12' , 'YYYY-MM-DD'),2100);

INSERT INTO IMPIEGATO (ID_CARTELLINO,NOME,COGNOME,CF,REPARTO,EMAIL,D_N,STIPENDIO)
VALUES (222004,'LUCA','FORMISANI','FRMLCU80M27E932R','LABORATORIO','formisanianniottanta@gmail.com',TO_DATE('1980-08-27' , 'YYYY-MM-DD'),2500);

INSERT INTO IMPIEGATO (ID_CARTELLINO,NOME,COGNOME,CF,REPARTO,EMAIL,D_N,STIPENDIO)
VALUES (222005,'MARIO','MARINO','MRNMRA03S11B946D','LABORATORIO','marino@hotmail.com',TO_DATE('2003-11-11' , 'YYYY-MM-DD'),2000);

 INSERT INTO IMPIEGATO (ID_CARTELLINO,NOME,COGNOME,CF,REPARTO,EMAIL,D_N,STIPENDIO)
VALUES (222006,'MICHELE','ALI','LAIMHL92L09E754Q','LABORATORIO','ali.miky@icloud.com',TO_DATE('1992-07-09' , 'YYYY-MM-DD'),2000);

INSERT INTO IMPIEGATO (ID_CARTELLINO,NOME,COGNOME,CF,REPARTO,EMAIL,D_N,STIPENDIO)
VALUES (222007,'CHIARA','CECERI','CCRCHR00D45H703D','LABORATORIO',NULL,TO_DATE('2000-04-05' , 'YYYY-MM-DD'),2100);

INSERT INTO IMPIEGATO (ID_CARTELLINO,NOME,COGNOME,CF,REPARTO,EMAIL,D_N,STIPENDIO)
VALUES (222008,'NICOLA','ZAZA','ZZANCL02E05F704E','LABORATORIO','zaza@libero.it',TO_DATE('2002-05-05' , 'YYYY-MM-DD'),2000);
--- ---
---POPOLAMENTO TABELLA TURNO---
---10 GIUGNO---
INSERT INTO Turno (DATA_TURNO, ID_CARTELLINO, FASCIA_ORARIA) 
VALUES (TO_DATE('2023-06-10', 'YYYY-MM-DD'), 111000, 'mattina');

INSERT INTO Turno (DATA_TURNO, ID_CARTELLINO, FASCIA_ORARIA) 
VALUES(TO_DATE('2023-06-10', 'YYYY-MM-DD'), 111001, 'mattina');

INSERT INTO Turno (DATA_TURNO, ID_CARTELLINO, FASCIA_ORARIA) 
VALUES(TO_DATE('2023-06-10', 'YYYY-MM-DD'), 111002, 'mattina');

INSERT INTO Turno (DATA_TURNO, ID_CARTELLINO, FASCIA_ORARIA) 
VALUES (TO_DATE('2023-06-10', 'YYYY-MM-DD'), 222000, 'mattina');

INSERT INTO Turno (DATA_TURNO, ID_CARTELLINO, FASCIA_ORARIA) 
VALUES (TO_DATE('2023-06-10', 'YYYY-MM-DD'), 222001, 'mattina');

INSERT INTO Turno (DATA_TURNO, ID_CARTELLINO, FASCIA_ORARIA) 
VALUES (TO_DATE('2023-06-10', 'YYYY-MM-DD'), 222002, 'mattina');

INSERT INTO Turno (DATA_TURNO, ID_CARTELLINO, FASCIA_ORARIA) 
VALUES(TO_DATE('2023-06-10', 'YYYY-MM-DD'), 111003, 'pomeriggio');

INSERT INTO Turno (DATA_TURNO, ID_CARTELLINO, FASCIA_ORARIA) 
VALUES(TO_DATE('2023-06-10', 'YYYY-MM-DD'), 111004, 'pomeriggio');

INSERT INTO Turno (DATA_TURNO, ID_CARTELLINO, FASCIA_ORARIA) 
VALUES(TO_DATE('2023-06-10', 'YYYY-MM-DD'), 111005, 'pomeriggio');

INSERT INTO Turno (DATA_TURNO, ID_CARTELLINO, FASCIA_ORARIA) 
VALUES(TO_DATE('2023-06-10', 'YYYY-MM-DD'), 222003, 'pomeriggio');

INSERT INTO Turno (DATA_TURNO, ID_CARTELLINO, FASCIA_ORARIA) 
VALUES(TO_DATE('2023-06-10', 'YYYY-MM-DD'), 222004, 'pomeriggio');

INSERT INTO Turno (DATA_TURNO, ID_CARTELLINO, FASCIA_ORARIA) 
VALUES(TO_DATE('2023-06-10', 'YYYY-MM-DD'), 222005, 'pomeriggio');
---17 GIUGNO---
INSERT INTO Turno (DATA_TURNO, ID_CARTELLINO, FASCIA_ORARIA) 
VALUES(TO_DATE('2023-06-17', 'YYYY-MM-DD'), 111006, 'mattina');

INSERT INTO Turno (DATA_TURNO, ID_CARTELLINO, FASCIA_ORARIA) 
VALUES(TO_DATE('2023-06-17', 'YYYY-MM-DD'), 111007, 'mattina');

INSERT INTO Turno (DATA_TURNO, ID_CARTELLINO, FASCIA_ORARIA) 
VALUES(TO_DATE('2023-06-17', 'YYYY-MM-DD'), 222006, 'mattina');

INSERT INTO Turno (DATA_TURNO, ID_CARTELLINO, FASCIA_ORARIA) 
VALUES(TO_DATE('2023-06-17', 'YYYY-MM-DD'), 222007, 'mattina');

INSERT INTO Turno (DATA_TURNO, ID_CARTELLINO, FASCIA_ORARIA) 
VALUES(TO_DATE('2023-06-17', 'YYYY-MM-DD'), 222008, 'mattina');

INSERT INTO Turno (DATA_TURNO, ID_CARTELLINO, FASCIA_ORARIA) 
VALUES(TO_DATE('2023-06-17', 'YYYY-MM-DD'), 111000, 'pomeriggio');

INSERT INTO Turno (DATA_TURNO, ID_CARTELLINO, FASCIA_ORARIA) 
VALUES(TO_DATE('2023-06-17', 'YYYY-MM-DD'), 111001, 'pomeriggio');

INSERT INTO Turno (DATA_TURNO, ID_CARTELLINO, FASCIA_ORARIA) 
VALUES(TO_DATE('2023-06-17', 'YYYY-MM-DD'), 111002, 'pomeriggio');

INSERT INTO Turno (DATA_TURNO, ID_CARTELLINO, FASCIA_ORARIA) 
VALUES(TO_DATE('2023-06-17', 'YYYY-MM-DD'), 222000, 'pomeriggio');

INSERT INTO Turno (DATA_TURNO, ID_CARTELLINO, FASCIA_ORARIA) 
VALUES(TO_DATE('2023-06-17', 'YYYY-MM-DD'), 222001, 'pomeriggio');

INSERT INTO Turno (DATA_TURNO, ID_CARTELLINO, FASCIA_ORARIA) 
VALUES(TO_DATE('2023-06-17', 'YYYY-MM-DD'), 222002, 'pomeriggio');
---24 GIUGNO---
INSERT INTO Turno (DATA_TURNO, ID_CARTELLINO, FASCIA_ORARIA) 
VALUES(TO_DATE('2023-06-24', 'YYYY-MM-DD'), 111000, 'mattina');

INSERT INTO Turno (DATA_TURNO, ID_CARTELLINO, FASCIA_ORARIA) 
VALUES(TO_DATE('2023-06-24', 'YYYY-MM-DD'), 111001, 'mattina');

INSERT INTO Turno (DATA_TURNO, ID_CARTELLINO, FASCIA_ORARIA) 
VALUES(TO_DATE('2023-06-24', 'YYYY-MM-DD'), 111002, 'mattina');

INSERT INTO Turno (DATA_TURNO, ID_CARTELLINO, FASCIA_ORARIA) 
VALUES (TO_DATE('2023-06-24', 'YYYY-MM-DD'), 222000, 'mattina');

INSERT INTO Turno (DATA_TURNO, ID_CARTELLINO, FASCIA_ORARIA) 
VALUES (TO_DATE('2023-06-24', 'YYYY-MM-DD'), 222001, 'mattina');

INSERT INTO Turno (DATA_TURNO, ID_CARTELLINO, FASCIA_ORARIA) 
VALUES (TO_DATE('2023-06-24', 'YYYY-MM-DD'), 222002, 'mattina');

INSERT INTO Turno (DATA_TURNO, ID_CARTELLINO, FASCIA_ORARIA) 
VALUES(TO_DATE('2023-06-24', 'YYYY-MM-DD'), 111003, 'pomeriggio');

INSERT INTO Turno (DATA_TURNO, ID_CARTELLINO, FASCIA_ORARIA) 
VALUES(TO_DATE('2023-06-24', 'YYYY-MM-DD'), 111004, 'pomeriggio');

INSERT INTO Turno (DATA_TURNO, ID_CARTELLINO, FASCIA_ORARIA) 
VALUES(TO_DATE('2023-06-24', 'YYYY-MM-DD'), 111005, 'pomeriggio');

INSERT INTO Turno (DATA_TURNO, ID_CARTELLINO, FASCIA_ORARIA) 
VALUES(TO_DATE('2023-06-24', 'YYYY-MM-DD'), 222003, 'pomeriggio');

INSERT INTO Turno (DATA_TURNO, ID_CARTELLINO, FASCIA_ORARIA) 
VALUES(TO_DATE('2023-06-24', 'YYYY-MM-DD'), 222004, 'pomeriggio');

INSERT INTO Turno (DATA_TURNO, ID_CARTELLINO, FASCIA_ORARIA) 
VALUES(TO_DATE('2023-06-24', 'YYYY-MM-DD'), 222005, 'pomeriggio');
--1 luglio---
INSERT INTO Turno (DATA_TURNO, ID_CARTELLINO, FASCIA_ORARIA) 
VALUES(TO_DATE('2023-07-01', 'YYYY-MM-DD'), 111006, 'mattina');

INSERT INTO Turno (DATA_TURNO, ID_CARTELLINO, FASCIA_ORARIA) 
VALUES(TO_DATE('2023-07-01', 'YYYY-MM-DD'), 111007, 'mattina');

INSERT INTO Turno (DATA_TURNO, ID_CARTELLINO, FASCIA_ORARIA) 
VALUES(TO_DATE('2023-07-01', 'YYYY-MM-DD'), 222006, 'mattina');

INSERT INTO Turno (DATA_TURNO, ID_CARTELLINO, FASCIA_ORARIA) 
VALUES(TO_DATE('2023-07-01', 'YYYY-MM-DD'), 222007, 'mattina');

INSERT INTO Turno (DATA_TURNO, ID_CARTELLINO, FASCIA_ORARIA) 
VALUES(TO_DATE('2023-07-01', 'YYYY-MM-DD'), 222008, 'mattina');

INSERT INTO Turno (DATA_TURNO, ID_CARTELLINO, FASCIA_ORARIA) 
VALUES(TO_DATE('2023-07-01', 'YYYY-MM-DD'), 111000, 'pomeriggio');

INSERT INTO Turno (DATA_TURNO, ID_CARTELLINO, FASCIA_ORARIA) 
VALUES(TO_DATE('2023-07-01', 'YYYY-MM-DD'), 111001, 'pomeriggio');

INSERT INTO Turno (DATA_TURNO, ID_CARTELLINO, FASCIA_ORARIA) 
VALUES(TO_DATE('2023-07-01', 'YYYY-MM-DD'), 111002, 'pomeriggio');

INSERT INTO Turno (DATA_TURNO, ID_CARTELLINO, FASCIA_ORARIA) 
VALUES(TO_DATE('2023-07-01', 'YYYY-MM-DD'), 222000, 'pomeriggio');

INSERT INTO Turno (DATA_TURNO, ID_CARTELLINO, FASCIA_ORARIA) 
VALUES(TO_DATE('2023-07-01', 'YYYY-MM-DD'), 222001, 'pomeriggio');

INSERT INTO Turno (DATA_TURNO, ID_CARTELLINO, FASCIA_ORARIA) 
VALUES(TO_DATE('2023-07-01', 'YYYY-MM-DD'), 222002, 'pomeriggio');
--8 luglio---
INSERT INTO Turno (DATA_TURNO, ID_CARTELLINO, FASCIA_ORARIA) 
VALUES(TO_DATE('2023-07-08', 'YYYY-MM-DD'), 111000, 'mattina');

INSERT INTO Turno (DATA_TURNO, ID_CARTELLINO, FASCIA_ORARIA) 
VALUES(TO_DATE('2023-07-08', 'YYYY-MM-DD'), 111001, 'mattina');

INSERT INTO Turno (DATA_TURNO, ID_CARTELLINO, FASCIA_ORARIA) 
VALUES(TO_DATE('2023-07-08', 'YYYY-MM-DD'), 111002, 'mattina');

INSERT INTO Turno (DATA_TURNO, ID_CARTELLINO, FASCIA_ORARIA) 
VALUES (TO_DATE('2023-07-08', 'YYYY-MM-DD'), 222000, 'mattina');

INSERT INTO Turno (DATA_TURNO, ID_CARTELLINO, FASCIA_ORARIA) 
VALUES (TO_DATE('2023-07-08', 'YYYY-MM-DD'), 222001, 'mattina');

INSERT INTO Turno (DATA_TURNO, ID_CARTELLINO, FASCIA_ORARIA) 
VALUES (TO_DATE('2023-07-08', 'YYYY-MM-DD'), 222002, 'mattina');

INSERT INTO Turno (DATA_TURNO, ID_CARTELLINO, FASCIA_ORARIA) 
VALUES(TO_DATE('2023-07-08', 'YYYY-MM-DD'), 111003, 'pomeriggio');

INSERT INTO Turno (DATA_TURNO, ID_CARTELLINO, FASCIA_ORARIA) 
VALUES(TO_DATE('2023-07-08', 'YYYY-MM-DD'), 111004, 'pomeriggio');

INSERT INTO Turno (DATA_TURNO, ID_CARTELLINO, FASCIA_ORARIA) 
VALUES(TO_DATE('2023-07-08', 'YYYY-MM-DD'), 111005, 'pomeriggio');

INSERT INTO Turno (DATA_TURNO, ID_CARTELLINO, FASCIA_ORARIA) 
VALUES(TO_DATE('2023-07-08', 'YYYY-MM-DD'), 222003, 'pomeriggio');

INSERT INTO Turno (DATA_TURNO, ID_CARTELLINO, FASCIA_ORARIA) 
VALUES(TO_DATE('2023-07-08', 'YYYY-MM-DD'), 222004, 'pomeriggio');

INSERT INTO Turno (DATA_TURNO, ID_CARTELLINO, FASCIA_ORARIA) 
VALUES(TO_DATE('2023-07-08', 'YYYY-MM-DD'), 222005, 'pomeriggio');

---POPOLAMENTO TABELLA FORNITORE---
INSERT INTO FORNITORE (PARTITA_IVA, NOME_F, COGNOME_F, CELLULARE_F, CF_F, EMAIL_F)
VALUES ('57371560509', 'LUCIANO', 'SPALLETTI', '+393254789621', 'SPLLCN59C07C540U', 'mister.spalletti@gmail.com');

INSERT INTO FORNITORE (PARTITA_IVA, NOME_F, COGNOME_F, CELLULARE_F, CF_F, EMAIL_F)
VALUES ('25825820639', 'RAFAEL', 'BENITEZ', '+393554758966', 'BNTRFL60D16F839Y', 'rafab@hotmail.com');

INSERT INTO FORNITORE (PARTITA_IVA, NOME_F, COGNOME_F, CELLULARE_F, CF_F, EMAIL_F)
VALUES ('50974280542', 'WALTER', 'MAZZARRI', '+393201212478', 'MZZWTR61R01I390M', 'mazzarri@outlook.com');

INSERT INTO FORNITORE (PARTITA_IVA, NOME_F, COGNOME_F, CELLULARE_F, CF_F, EMAIL_F)
VALUES ('46569431003', 'MAURIZIO', 'SARRI', '+393654547820', 'SRRMRZ59A10F839Z', 'sarrismo@libero.it');

INSERT INTO FORNITORE (PARTITA_IVA, NOME_F, COGNOME_F, CELLULARE_F, CF_F, EMAIL_F)
VALUES ('64641250242', 'CARLO', 'ANCELOTTI', '+393342120555', 'NCLCRL59H10H225L', 'carletto@champions.com');

INSERT INTO FORNITORE (PARTITA_IVA, NOME_F, COGNOME_F, CELLULARE_F, CF_F, EMAIL_F)
VALUES ('61081530778', 'MARCELLO', 'SANSEBASTIANO', '+393255554781', 'SNSVTR66L01B589B', 'sanseb@icloud.com');

INSERT INTO FORNITORE (PARTITA_IVA, NOME_F, COGNOME_F, CELLULARE_F, CF_F, EMAIL_F)
VALUES ('45488170361', 'CARLA LUCIANA', 'TOSCO', '+393474800451', 'TSCCLL73H41E994I', 'carla.tosco@icloud.com');

INSERT INTO FORNITORE (PARTITA_IVA, NOME_F, COGNOME_F, CELLULARE_F, CF_F, EMAIL_F)
VALUES ('31352720770', 'FRANCO LUCIANO', 'FURONE', '+393587485632', 'FRNFNC89L01I608V', 'furonel@gmail.com');

INSERT INTO FORNITORE (PARTITA_IVA, NOME_F, COGNOME_F, CELLULARE_F, CF_F, EMAIL_F)
VALUES ('70646550890', 'CAMILLO', 'SPERANZA', '+393258521478', 'SPRCLL04C01H511F', 'hope.cami@pec.it');

INSERT INTO FORNITORE (PARTITA_IVA, NOME_F, COGNOME_F, CELLULARE_F, CF_F, EMAIL_F)
VALUES ('77033770064', 'DANIELE', 'ROBELLA', '+393216547890', 'RBLDLP80A01E485L', 'robelladany@hotmail.com');

INSERT INTO FORNITORE (PARTITA_IVA, NOME_F, COGNOME_F, CELLULARE_F, CF_F, EMAIL_F)
VALUES ('54028400528', 'JOSE', 'FORMUSO', '+397854556321', 'FRMJSO69C01H857E', 'josefo@outlook.com');

INSERT INTO FORNITORE (PARTITA_IVA, NOME_F, COGNOME_F, CELLULARE_F, CF_F, EMAIL_F)
VALUES ('63382050704', 'KHALID', 'PIETRAPERTOSA', '+393663214007', 'PTRKLD83D01D855M', 'khalid.pietr@libero.it');

INSERT INTO FORNITORE (PARTITA_IVA, NOME_F, COGNOME_F, CELLULARE_F, CF_F, EMAIL_F)
VALUES ('32467180868', 'ORONZO', 'CANA', '+393554758555', 'CNARNZ90T41C781R', 'longobarda@gmail.com');

INSERT INTO FORNITORE (PARTITA_IVA, NOME_F, COGNOME_F, CELLULARE_F, CF_F, EMAIL_F)
VALUES ('73395050930', 'SALVATORE', 'ARONICA', '+393216549870', 'RNCSVT78A60G273B', 'lucchetto@pec.it');

INSERT INTO FORNITORE (PARTITA_IVA, NOME_F, COGNOME_F, CELLULARE_F, CF_F, EMAIL_F)
VALUES ('50356230776', 'HUGO', 'CAMPAGNARO', '+393102525410', 'CMPHGU80A60F205I', 'hugoboss@outlook.com');

INSERT INTO FORNITORE (PARTITA_IVA, NOME_F, COGNOME_F, CELLULARE_F, CF_F, EMAIL_F)
VALUES ('66906060653', 'CHRISTIAN', 'MAGGIO', '+393669874521', 'MGGCRS82B51F464S', 'superbike@libero.it');
--- ----
---POPOLAMENTO TABELLA FORNITURA---
INSERT INTO FORNITURA (NUMERO_FATTURA_FORNITURA, DATA_RICHIESTA, MARCA, PREZZO, QUANTITA, ID_CARTELLINO, PARTITA_IVA)
VALUES ('GUC-001', TO_DATE('2023-06-05', 'YYYY-MM-DD'), 'GUCCI', 625.50, 5, 111000, '57371560509');

INSERT INTO FORNITURA (NUMERO_FATTURA_FORNITURA, DATA_RICHIESTA, MARCA, PREZZO, QUANTITA, ID_CARTELLINO, PARTITA_IVA)
VALUES ('RYB-001', TO_DATE('2023-06-05', 'YYYY-MM-DD'), 'RAYBAN', 600.00, 5, 111002, '25825820639');

INSERT INTO FORNITURA (NUMERO_FATTURA_FORNITURA, DATA_RICHIESTA, MARCA, PREZZO, QUANTITA, ID_CARTELLINO, PARTITA_IVA)
VALUES ('PLR-001', TO_DATE('2023-06-01', 'YYYY-MM-DD'), 'POLAR', 550.75, 8, 111003, '50974280542');

INSERT INTO FORNITURA (NUMERO_FATTURA_FORNITURA, DATA_RICHIESTA, MARCA, PREZZO, QUANTITA, ID_CARTELLINO, PARTITA_IVA)
VALUES ('FLA-001', TO_DATE('2023-06-09', 'YYYY-MM-DD'), 'FILA', 560.00, 8, 111005, '46569431003');

INSERT INTO FORNITURA (NUMERO_FATTURA_FORNITURA, DATA_RICHIESTA, MARCA, PREZZO, QUANTITA, ID_CARTELLINO, PARTITA_IVA)
VALUES ('DSQ-005', TO_DATE('2023-06-02', 'YYYY-MM-DD'), 'DSQUARED2', 320.90, 2, 111006, '64641250242');

INSERT INTO FORNITURA (NUMERO_FATTURA_FORNITURA, DATA_RICHIESTA, MARCA, PREZZO, QUANTITA, ID_CARTELLINO, PARTITA_IVA)
VALUES ('CRT-006', TO_DATE('2023-06-02', 'YYYY-MM-DD'), 'CARTIER', 1098.50, 2, 111007, '61081530778');

INSERT INTO FORNITURA (NUMERO_FATTURA_FORNITURA, DATA_RICHIESTA, MARCA, PREZZO, QUANTITA, ID_CARTELLINO, PARTITA_IVA)
VALUES ('LAC-007', TO_DATE('2023-06-03', 'YYYY-MM-DD'), 'DAILES', 75.25, 15, 111001, '45488170361');

INSERT INTO FORNITURA (NUMERO_FATTURA_FORNITURA, DATA_RICHIESTA, MARCA, PREZZO, QUANTITA, ID_CARTELLINO, PARTITA_IVA)
VALUES ('HYA-010', TO_DATE('2023-06-10', 'YYYY-MM-DD'), 'HOYA', 300.00, 6, 222005, '63382050704');

INSERT INTO FORNITURA (NUMERO_FATTURA_FORNITURA, DATA_RICHIESTA, MARCA, PREZZO, QUANTITA, ID_CARTELLINO, PARTITA_IVA)
VALUES ('ZIS-011', TO_DATE('2023-06-07', 'YYYY-MM-DD'), 'ZEISS', 125.75, 2, 222006, '77033770064');

INSERT INTO FORNITURA (NUMERO_FATTURA_FORNITURA, DATA_RICHIESTA, MARCA, PREZZO, QUANTITA, ID_CARTELLINO, PARTITA_IVA)
VALUES ('ESS-012', TO_DATE('2023-06-05', 'YYYY-MM-DD'), 'ESSILOR', 280.00, 5, 222007, '54028400528');

INSERT INTO FORNITURA (NUMERO_FATTURA_FORNITURA, DATA_RICHIESTA, MARCA, PREZZO, QUANTITA, ID_CARTELLINO, PARTITA_IVA)
VALUES ('RDK-013', TO_DATE('2023-06-07', 'YYYY-MM-DD'), 'RODENSTOCK', 220.50, 6, 222008, '66906060653');

INSERT INTO FORNITURA (NUMERO_FATTURA_FORNITURA, DATA_RICHIESTA, MARCA, PREZZO, QUANTITA, ID_CARTELLINO, PARTITA_IVA)
VALUES ('OPT-014', TO_DATE('2023-06-01', 'YYYY-MM-DD'), 'OPTILENS', 70.25, 2, 222003, '70646550890');

INSERT INTO FORNITURA (NUMERO_FATTURA_FORNITURA, DATA_RICHIESTA, MARCA, PREZZO, QUANTITA, ID_CARTELLINO, PARTITA_IVA)
VALUES ('ESS-013', TO_DATE('2023-06-02', 'YYYY-MM-DD'), 'ESSILOR', 1280.00, 20, 222006, '54028400528');

INSERT INTO FORNITURA (NUMERO_FATTURA_FORNITURA, DATA_RICHIESTA, MARCA, PREZZO, QUANTITA, ID_CARTELLINO, PARTITA_IVA)
VALUES ('ZIS-012', TO_DATE('2023-06-01', 'YYYY-MM-DD'), 'ZEISS', 1250.00, 12, 222008, '77033770064');

INSERT INTO FORNITURA (NUMERO_FATTURA_FORNITURA, DATA_RICHIESTA, MARCA, PREZZO, QUANTITA, ID_CARTELLINO, PARTITA_IVA)
VALUES ('GUC-002', TO_DATE('2023-06-05', 'YYYY-MM-DD'), 'GUCCI', 250.50, 1, 111000, '57371560509');

INSERT INTO FORNITURA (NUMERO_FATTURA_FORNITURA, DATA_RICHIESTA, MARCA, PREZZO, QUANTITA, ID_CARTELLINO, PARTITA_IVA)
VALUES ('DOR-001', TO_DATE('2023-06-05', 'YYYY-MM-DD'), 'DIOR', 450.50, 2, 111001, '25825820639');

INSERT INTO FORNITURA (NUMERO_FATTURA_FORNITURA, DATA_RICHIESTA, MARCA, PREZZO, QUANTITA, ID_CARTELLINO, PARTITA_IVA)
VALUES ('GUC-016', TO_DATE('2023-06-03', 'YYYY-MM-DD'), 'GUCCI', 650.00, 3, 111004, '57371560509');

INSERT INTO FORNITURA (NUMERO_FATTURA_FORNITURA, DATA_RICHIESTA, MARCA, PREZZO, QUANTITA, ID_CARTELLINO, PARTITA_IVA)
VALUES ('MST-017', TO_DATE('2023-06-02', 'YYYY-MM-DD'), 'MOSCOT', 800.00, 4, 111001, '50974280542');

INSERT INTO FORNITURA (NUMERO_FATTURA_FORNITURA, DATA_RICHIESTA, MARCA, PREZZO, QUANTITA, ID_CARTELLINO, PARTITA_IVA)
VALUES ('VRS-018', TO_DATE('2023-06-06', 'YYYY-MM-DD'), 'VERSACE', 705.50, 3, 111003, '50974280542');

INSERT INTO FORNITURA (NUMERO_FATTURA_FORNITURA, DATA_RICHIESTA, MARCA, PREZZO, QUANTITA, ID_CARTELLINO, PARTITA_IVA)
VALUES ('RYB-019', TO_DATE('2023-06-07', 'YYYY-MM-DD'), 'RAYBAN', 475.00, 3, 111005, '25825820639');

INSERT INTO FORNITURA (NUMERO_FATTURA_FORNITURA, DATA_RICHIESTA, MARCA, PREZZO, QUANTITA, ID_CARTELLINO, PARTITA_IVA)
VALUES ('PRS-020', TO_DATE('2023-06-08', 'YYYY-MM-DD'), 'PERSOL', 300.75, 5, 111005, '46569431003');

INSERT INTO FORNITURA (NUMERO_FATTURA_FORNITURA, DATA_RICHIESTA, MARCA, PREZZO, QUANTITA, ID_CARTELLINO, PARTITA_IVA)
VALUES ('PRD-021', TO_DATE('2023-06-02', 'YYYY-MM-DD'), 'PRADA', 2200.00, 5, 111007, '61081530778');

INSERT INTO FORNITURA (NUMERO_FATTURA_FORNITURA, DATA_RICHIESTA, MARCA, PREZZO, QUANTITA, ID_CARTELLINO, PARTITA_IVA)
VALUES ('GSS-022', TO_DATE('2023-06-09', 'YYYY-MM-DD'), 'GUESS', 280.25, 5, 111006, '64641250242');

INSERT INTO FORNITURA (NUMERO_FATTURA_FORNITURA, DATA_RICHIESTA, MARCA, PREZZO, QUANTITA, ID_CARTELLINO, PARTITA_IVA)
VALUES ('GHY-023', TO_DATE('2023-06-10', 'YYYY-MM-DD'), 'GIVENCHY', 875.00, 5, 111002, '25825820639');

INSERT INTO FORNITURA (NUMERO_FATTURA_FORNITURA, DATA_RICHIESTA, MARCA, PREZZO, QUANTITA, ID_CARTELLINO, PARTITA_IVA)
VALUES ('ESS-016', TO_DATE('2023-06-01', 'YYYY-MM-DD'), 'ESSILOR', 2520.00, 45, 222006, '54028400528');

INSERT INTO FORNITURA (NUMERO_FATTURA_FORNITURA, DATA_RICHIESTA, MARCA, PREZZO, QUANTITA, ID_CARTELLINO, PARTITA_IVA)
VALUES ('LAC-015', TO_DATE('2023-06-03', 'YYYY-MM-DD'), 'DAILES', 45.00, 15, 111001, '45488170361');

INSERT INTO FORNITURA (NUMERO_FATTURA_FORNITURA, DATA_RICHIESTA, MARCA, PREZZO, QUANTITA, ID_CARTELLINO, PARTITA_IVA)
VALUES ('PMF-010', TO_DATE('2023-06-02', 'YYYY-MM-DD'), 'OTTIGLASS', 100.00, 30, 111001, '45488170361');

INSERT INTO FORNITURA (NUMERO_FATTURA_FORNITURA, DATA_RICHIESTA, MARCA, PREZZO, QUANTITA, ID_CARTELLINO, PARTITA_IVA)
VALUES ('SPO-015', TO_DATE('2023-06-06', 'YYYY-MM-DD'), 'OTTIGLASS', 250.00, 30, 111006, '45488170361');

INSERT INTO FORNITURA (NUMERO_FATTURA_FORNITURA, DATA_RICHIESTA, MARCA, PREZZO, QUANTITA, ID_CARTELLINO, PARTITA_IVA)
VALUES ('CUS-015', TO_DATE('2023-06-07', 'YYYY-MM-DD'), 'OTTIGLASS', 150.00, 30, 111004, '45488170361');

INSERT INTO FORNITURA (NUMERO_FATTURA_FORNITURA, DATA_RICHIESTA, MARCA, PREZZO, QUANTITA, ID_CARTELLINO, PARTITA_IVA)
VALUES ('ZIS-013', TO_DATE('2023-06-08', 'YYYY-MM-DD'), 'ZEISS', 1250.00, 12, 222008, '77033770064');

INSERT INTO FORNITURA (NUMERO_FATTURA_FORNITURA, DATA_RICHIESTA, MARCA, PREZZO, QUANTITA, ID_CARTELLINO, PARTITA_IVA)
VALUES ('HYA-011', TO_DATE('2023-06-05', 'YYYY-MM-DD'), 'HOYA', 520.00, 10, 222005, '63382050704');
--- ---
---POPOLAMENTO TABELLA FORNITURA_INDUSTRIALE---
INSERT INTO FORNITURA_INDUSTRIALE (NUMERO_FATTURA_FORNITURA, TIPOLOGIA_PRODOTTO)
VALUES ('GUC-001', 'MONTATURA+CUSTODIA');

INSERT INTO FORNITURA_INDUSTRIALE (NUMERO_FATTURA_FORNITURA, TIPOLOGIA_PRODOTTO)
VALUES ('RYB-001', 'MONTATURA+CUSTODIA');

INSERT INTO FORNITURA_INDUSTRIALE (NUMERO_FATTURA_FORNITURA, TIPOLOGIA_PRODOTTO)
VALUES ('PLR-001', 'MONTATURA');

INSERT INTO FORNITURA_INDUSTRIALE (NUMERO_FATTURA_FORNITURA, TIPOLOGIA_PRODOTTO)
VALUES ('FLA-001', 'MONTATURA');

INSERT INTO FORNITURA_INDUSTRIALE (NUMERO_FATTURA_FORNITURA, TIPOLOGIA_PRODOTTO)
VALUES ('DSQ-005', 'MONTATURA+CUSTODIA');

INSERT INTO FORNITURA_INDUSTRIALE (NUMERO_FATTURA_FORNITURA, TIPOLOGIA_PRODOTTO)
VALUES ('CRT-006', 'MONTATURA+CUSTODIA');

INSERT INTO FORNITURA_INDUSTRIALE (NUMERO_FATTURA_FORNITURA, TIPOLOGIA_PRODOTTO)
VALUES ('LAC-007', 'LENTI A CONTATTO');

INSERT INTO FORNITURA_INDUSTRIALE (NUMERO_FATTURA_FORNITURA, TIPOLOGIA_PRODOTTO)
VALUES ('GUC-002', 'MONTATURA+CUSTODIA');

INSERT INTO FORNITURA_INDUSTRIALE (NUMERO_FATTURA_FORNITURA, TIPOLOGIA_PRODOTTO)
VALUES ('DOR-001', 'MONTATURA+CUSTODIA');

INSERT INTO FORNITURA_INDUSTRIALE (NUMERO_FATTURA_FORNITURA, TIPOLOGIA_PRODOTTO)
VALUES ('GUC-016', 'MONTATURA+CUSTODIA');

INSERT INTO FORNITURA_INDUSTRIALE (NUMERO_FATTURA_FORNITURA, TIPOLOGIA_PRODOTTO)
VALUES ('MST-017', 'MONTATURA+CUSTODIA');

INSERT INTO FORNITURA_INDUSTRIALE (NUMERO_FATTURA_FORNITURA, TIPOLOGIA_PRODOTTO)
VALUES ('VRS-018', 'MONTATURA+CUSTODIA');

INSERT INTO FORNITURA_INDUSTRIALE (NUMERO_FATTURA_FORNITURA, TIPOLOGIA_PRODOTTO)
VALUES ('RYB-019', 'MONTATURA+CUSTODIA');

INSERT INTO FORNITURA_INDUSTRIALE (NUMERO_FATTURA_FORNITURA, TIPOLOGIA_PRODOTTO)
VALUES ('PRS-020', 'MONTATURA');

INSERT INTO FORNITURA_INDUSTRIALE (NUMERO_FATTURA_FORNITURA, TIPOLOGIA_PRODOTTO)
VALUES ('PRD-021', 'MONTATURA+CUSTODIA');

INSERT INTO FORNITURA_INDUSTRIALE (NUMERO_FATTURA_FORNITURA, TIPOLOGIA_PRODOTTO)
VALUES ('GSS-022', 'MONTATURA');

INSERT INTO FORNITURA_INDUSTRIALE (NUMERO_FATTURA_FORNITURA, TIPOLOGIA_PRODOTTO)
VALUES ('GHY-023', 'MONTATURA+CUSTODIA');

INSERT INTO FORNITURA_INDUSTRIALE (NUMERO_FATTURA_FORNITURA, TIPOLOGIA_PRODOTTO)
VALUES ('LAC-015', 'LENTI A CONTATTO');

INSERT INTO FORNITURA_INDUSTRIALE (NUMERO_FATTURA_FORNITURA, TIPOLOGIA_PRODOTTO)
VALUES ('PMF-010', 'PANNO MICROFIBRA');

INSERT INTO FORNITURA_INDUSTRIALE (NUMERO_FATTURA_FORNITURA, TIPOLOGIA_PRODOTTO)
VALUES ('SPO-015', 'SPRAY PULIZIA OCCHIALI');

INSERT INTO FORNITURA_INDUSTRIALE (NUMERO_FATTURA_FORNITURA, TIPOLOGIA_PRODOTTO)
VALUES ('CUS-015', 'CUSTODIA OCCHIALI');
--- ---
---POPOLAMENTO TABELLA FORNITURA LENTI---
INSERT INTO FORNITURA_LENTI (NUMERO_FATTURA_FORNITURA, TIPOLOGIA_LENTE)
VALUES ('HYA-010', 'BIFOCALI');

INSERT INTO FORNITURA_LENTI (NUMERO_FATTURA_FORNITURA, TIPOLOGIA_LENTE)
VALUES ('ZIS-011', 'MONOFOCALI');

INSERT INTO FORNITURA_LENTI (NUMERO_FATTURA_FORNITURA, TIPOLOGIA_LENTE)
VALUES ('ESS-012', 'POLARIZZATE');

INSERT INTO FORNITURA_LENTI (NUMERO_FATTURA_FORNITURA, TIPOLOGIA_LENTE)
VALUES ('RDK-013', 'PROTEZIONE UV');

INSERT INTO FORNITURA_LENTI (NUMERO_FATTURA_FORNITURA, TIPOLOGIA_LENTE)
VALUES ('OPT-014', 'BIFOCALI');

INSERT INTO FORNITURA_LENTI (NUMERO_FATTURA_FORNITURA, TIPOLOGIA_LENTE)
VALUES ('ESS-013', 'ANTIRIFLESSO');

INSERT INTO FORNITURA_LENTI (NUMERO_FATTURA_FORNITURA, TIPOLOGIA_LENTE)
VALUES ('ZIS-012', 'MONOFOCALI');

INSERT INTO FORNITURA_LENTI (NUMERO_FATTURA_FORNITURA, TIPOLOGIA_LENTE)
VALUES ('ESS-016', 'PROGRESSIVE');

INSERT INTO FORNITURA_LENTI (NUMERO_FATTURA_FORNITURA, TIPOLOGIA_LENTE)
VALUES ('ZIS-013', 'ORGANICHE');

INSERT INTO FORNITURA_LENTI (NUMERO_FATTURA_FORNITURA, TIPOLOGIA_LENTE)
VALUES ('HYA-011', 'ANTIRIFLESSO');
--- ---
---POPOLAMENTO TABELLA CLIENTE---

INSERT INTO CLIENTE (NOME_C, COGNOME_C, CELLULARE_C, CF_C, VIA, CITTA, CAP, CIVICO, EMAIL_C)
VALUES ('MANNUCCHI', 'NICOLA', '0823387062', 'MNNNCL11E08H862Q', 'Via A.Scarpa', 'Calvi Risorta', 81042, '212/i', 'nico.mann@gmail.it');

INSERT INTO CLIENTE (NOME_C, COGNOME_C, CELLULARE_C, CF_C, VIA, CITTA, CAP, CIVICO, EMAIL_C)
VALUES ('PESSOTTO', 'BEATO', '3245689741', 'PSSBTE44C11I307Z', 'Via A.Dumas', 'Castello del Matese', 81010, '6', 'beat.pess@yahoo.com');

INSERT INTO CLIENTE (NOME_C, COGNOME_C, CELLULARE_C, CF_C, VIA, CITTA, CAP, CIVICO, EMAIL_C)
VALUES ('BISCEGLIE', 'DEMETRIO', '081568039', 'BSCDTR10E27B912J', 'Via Scuole Palatine', 'Sant Antimo', 80029, '117', 'demetrio.bisceglie@libero.it');

INSERT INTO CLIENTE (NOME_C, COGNOME_C, CELLULARE_C, CF_C, VIA, CITTA, CAP, CIVICO, EMAIL_C)
VALUES ('GALANTE', 'MICHELA', '0823118374', 'GLNMHL37B47I265X', 'Cavalcavia L.Mastronardi, 166', 'San Nicola la Strada', 81020, '166', 'michela.galante@tin.it');

INSERT INTO CLIENTE (NOME_C, COGNOME_C, CELLULARE_C, CF_C, VIA, CITTA, CAP, CIVICO, EMAIL_C)
VALUES ('MAZZINI', 'RINALDO', '3552120233', 'MZZRLD97R28F517B', 'Via L.Ferrari', 'San Marcellino', 81030, '204', 'rinaldo.mazzini@aruba.it');

INSERT INTO CLIENTE (NOME_C, COGNOME_C, CELLULARE_C, CF_C, VIA, CITTA, CAP, CIVICO, EMAIL_C)
VALUES ('LANCIOTTI', 'SABRINA', '081493276' , 'LNCSRN56M71H210P', 'Via Leone XIII', 'Boscotrecase', 80042, '58/b', 'sabrina.lanciotti@tin.it');

INSERT INTO CLIENTE (NOME_C, COGNOME_C, CELLULARE_C, CF_C, VIA, CITTA, CAP, CIVICO, EMAIL_C)
VALUES ('FANELLA', 'GESUALDO', '0811063398', 'FNLGLD19T02A431F', 'Via Cantù', 'Boscoreale', 80041, '132/j', NULL);

INSERT INTO CLIENTE (NOME_C, COGNOME_C, CELLULARE_C, CF_C, VIA, CITTA, CAP, CIVICO, EMAIL_C)
VALUES ('LIONEL', 'MESSI', '3456321478' , 'MSSLNI87H05B123H', 'Via Maradona', 'Lusciano', 81030, '10', 'lionel.messi@gmail.com');

INSERT INTO CLIENTE (NOME_C, COGNOME_C, CELLULARE_C, CF_C, VIA, CITTA, CAP, CIVICO, EMAIL_C)
VALUES ('FRANCESCO', 'GRAZIANI', '0856789012' , 'GRZCCO60A01G531V', 'Via Maradona', 'San Marcellino', 81030, '12', 'ciccio.graziani@yahoo.com');

INSERT INTO CLIENTE (NOME_C, COGNOME_C, CELLULARE_C, CF_C, VIA, CITTA, CAP, CIVICO, EMAIL_C)
VALUES ('EDINSON', 'CAVANI', '347450221', 'CVNDSN87H05F205E', 'Via Napoli', 'Sant Antimo', 80029, '30', 'edinson.cavani@libero.it');

INSERT INTO CLIENTE (NOME_C, COGNOME_C, CELLULARE_C, CF_C, VIA, CITTA, CAP, CIVICO, EMAIL_C)
VALUES ('OTTAVIO', 'BIANCHI', '0867890123' , 'BNCOVT60A01G531C', 'Via Milan', 'Casal di Principe', 81032, '15', 'ottavio.bianchi@outlook.com');

INSERT INTO CLIENTE (NOME_C, COGNOME_C, CELLULARE_C, CF_C, VIA, CITTA, CAP, CIVICO, EMAIL_C)
VALUES ('ANTONIO', 'CARECA', '0812345678', 'CRCCHR56P01G531T', 'Via Napoli', 'Trentola', 81038, '23', 'careca@pec.com');

INSERT INTO CLIENTE (NOME_C, COGNOME_C, CELLULARE_C, CF_C, VIA, CITTA, CAP, CIVICO, EMAIL_C)
VALUES ('EZEQUIEL', 'LAVEZZI', '3254785962', 'LVZKEL85A01B924J', 'Via San Gennaro', 'Aversa', 81031, '22', 'e.lavezzi@aruba.it');

INSERT INTO CLIENTE (NOME_C, COGNOME_C, CELLULARE_C, CF_C, VIA, CITTA, CAP, CIVICO, EMAIL_C)
VALUES ('GIAN DOMENICO', 'MESTO', '0823456789', 'MSTRRT83C23A940B', 'Via Partenope', 'San Marcellino', 81030, '8', 'r.mesto@sscnapoli.com');

INSERT INTO CLIENTE (NOME_C, COGNOME_C, CELLULARE_C, CF_C, VIA, CITTA, CAP, CIVICO, EMAIL_C)
VALUES ('FABIANO', 'SANTACROCE', '3249589741', 'SNTFNC80T01G531G', 'Via Maradona', 'Sant Antimo', 80029, '20', 'fabiano.santacroce@gmail.com');

INSERT INTO CLIENTE (NOME_C, COGNOME_C, CELLULARE_C, CF_C, VIA, CITTA, CAP, CIVICO, EMAIL_C)
VALUES ('FABIO', 'QUAGLIARELLA', '0845678901' , 'QGLFBA82T11B924K', 'Via Dei Gladioli', 'Lusciano', 81030, '7', 'fabio.quagliarella@gmaill.com');

INSERT INTO CLIENTE (NOME_C, COGNOME_C, CELLULARE_C, CF_C, VIA, CITTA, CAP, CIVICO, EMAIL_C)
VALUES ('PAOLO', 'CANNAVARO', '3473685214', 'CNNPLA74T16G531I', 'Via Azzurri', 'Aversa', 81031, '3B', 'paolo.cannavaro@alice.it');

INSERT INTO CLIENTE (NOME_C, COGNOME_C, CELLULARE_C, CF_C, VIA, CITTA, CAP, CIVICO, EMAIL_C)
VALUES ('GENNARO', 'IEZZO', '2582525471', 'ZZZGNN71C12G531Z', 'Via Napoli', 'Teverola', 81030, '12A', 'g.iezzi@pec.it');

INSERT INTO CLIENTE (NOME_C, COGNOME_C, CELLULARE_C, CF_C, VIA, CITTA, CAP, CIVICO, EMAIL_C)
VALUES ('ANDREA', 'DOSSENA', '321456987', 'DSSNDR80R50D704J', 'Via Italia', 'San Marcellino', 81030, '8', 'a.dossena@gmail.com');

INSERT INTO CLIENTE (NOME_C, COGNOME_C, CELLULARE_C, CF_C, VIA, CITTA, CAP, CIVICO, EMAIL_C)
VALUES ('EMANUELE', 'CALAIO', '3254789631', 'CLAMNL73T09F205U', 'Via San Paolo', 'Casal di Principe',81032,'25','emancal@libero.it');

INSERT INTO CLIENTE (NOME_C, COGNOME_C, CELLULARE_C, CF_C, VIA, CITTA, CAP, CIVICO, EMAIL_C)
VALUES ('ANTONIO', 'DI NATALE', '6789456123', 'DNTNTN77A12B924F', 'Via dei Calciatori', 'Lusciano', 81030, '7', 'dinatale.antonio@gmail.com');

INSERT INTO CLIENTE (NOME_C, COGNOME_C, CELLULARE_C, CF_C, VIA, CITTA, CAP, CIVICO, EMAIL_C)
VALUES ('MARCO', 'MATERAZZI', '1203498765', 'MTMMRC74A12B944I', 'Via del Centrale', 'Bologna', 40121, '15', 'marco.materazzi@outlook.it');

INSERT INTO CLIENTE (NOME_C, COGNOME_C, CELLULARE_C, CF_C, VIA, CITTA, CAP, CIVICO, EMAIL_C)
VALUES ('ANDREA', 'PIRLO', '6872349510', 'PRLNDR79A12B944K', 'Via del Regista', 'Cremona', 26100, '12', 'andrea.pirlo@gmail.com');

INSERT INTO CLIENTE (NOME_C, COGNOME_C, CELLULARE_C, CF_C, VIA, CITTA, CAP, CIVICO, EMAIL_C)
VALUES ('FRANCESCO', 'TOTTI', '3546219087', 'TTIFRN76A12B944M', 'Via del Capocannoniere', 'Roma', 00100, '18', 'francesco.totti@pec.it');

INSERT INTO CLIENTE (NOME_C, COGNOME_C, CELLULARE_C, CF_C, VIA, CITTA, CAP, CIVICO, EMAIL_C)
VALUES ('GIANFRANCO', 'ZOLA', '6785239014', 'ZLGNFN65A12B944O', 'Via del Fantasista', 'Sassari', 07100, '4', 'gianfranco.zola@alice.it');

INSERT INTO CLIENTE (NOME_C, COGNOME_C, CELLULARE_C, CF_C, VIA, CITTA, CAP, CIVICO, EMAIL_C)
VALUES ('ALESSANDRO', 'DEL PIERO', '2104376589', 'DLPLSN74A12B944R', 'Via del Capocannoniere', 'Torino', 10100, '7', 'alessandro.delpiero@outlook.it');

INSERT INTO CLIENTE (NOME_C, COGNOME_C, CELLULARE_C, CF_C, VIA, CITTA, CAP, CIVICO, EMAIL_C)
VALUES ('GATTUSO', 'GENNARO', '6987451236', 'GTTGNN77A12B944S', 'Via dei Tori', 'Bologna', 40121, '15', 'gennaro.gattuso@gmail.com');

INSERT INTO CLIENTE (NOME_C, COGNOME_C, CELLULARE_C, CF_C, VIA, CITTA, CAP, CIVICO, EMAIL_C)
VALUES ('CAMORANESI', 'MAURO', '2156347890', 'CMRMRU76A12B944L', 'Via dei Calciatori', 'Cremona', 26100, '12', 'mauro.camoran@gmail.com');

INSERT INTO CLIENTE (NOME_C, COGNOME_C, CELLULARE_C, CF_C, VIA, CITTA, CAP, CIVICO, EMAIL_C)
VALUES ('TONI', 'LUCA', '9087456321', 'TNILCU77A12B944W', 'Via dei Bomber', 'Roma', 00100, '28', 'luca.toni@gmail.com');

INSERT INTO CLIENTE (NOME_C, COGNOME_C, CELLULARE_C, CF_C, VIA, CITTA, CAP, CIVICO, EMAIL_C)
VALUES ('CANNONIERI', 'ANTONIO', '6457891245', 'CNNNTN76A12B944T', 'Via dei Marcatori', 'Sassari', 07100, '4', 'antonio.cannonieri@tin.it');

INSERT INTO CLIENTE (NOME_C, COGNOME_C, CELLULARE_C, CF_C, VIA, CITTA, CAP, CIVICO, EMAIL_C)
VALUES ('PEPE', 'SIMONE', '9876543210', 'PPESMN84A12B944G', 'Via dei ladri', 'Milano', 20100, '9', 'simone.pepe@gmail.com');

INSERT INTO CLIENTE (NOME_C, COGNOME_C, CELLULARE_C, CF_C, VIA, CITTA, CAP, CIVICO, EMAIL_C)
VALUES ('GROSSO', 'FABIO', '1245896780', 'GRSFBA85A12B944S', 'Via dei Campioni 2006', 'Torino', 10100, '14', 'fabio.grosso@yahoo.com');

INSERT INTO CLIENTE (NOME_C, COGNOME_C, CELLULARE_C, CF_C, VIA, CITTA, CAP, CIVICO, EMAIL_C)
VALUES ('GATTI', 'FRANCESCO', '8795641230', 'GTTFNC88A12B944H', 'Via dei Calciatori', 'Milano', 20100, '19', 'francesco.gatti@outlook.com');

INSERT INTO CLIENTE (NOME_C, COGNOME_C, CELLULARE_C, CF_C, VIA, CITTA, CAP, CIVICO, EMAIL_C)
VALUES ('CIGARINI', 'LUCA', '9876543219', 'CGRLCU86A12B944J', 'Via Roma', 'Sassari', 07100, '4', 'l.cigarini@yahoo.com');


--- ---
---POPOLAMENTO TABELLA ORDINE---
INSERT INTO ORDINE (SCONTO_APPLICATO, N_PRODOTTI, TOT_ORDINE, N_FATTURA_ORDINE, DATA_VENDITA, MODALITA_ACQUISTO, CF_C)
VALUES (10, 3, 625, 'OTTI-0001', TO_DATE('2023-06-10', 'YYYY-MM-DD'), 'FISICO', 'MNNNCL11E08H862Q');

INSERT INTO ORDINE (SCONTO_APPLICATO, N_PRODOTTI, TOT_ORDINE, N_FATTURA_ORDINE, DATA_VENDITA, MODALITA_ACQUISTO, CF_C)
VALUES (10, 3, 625, 'OTTI-0002', TO_DATE('2023-06-10', 'YYYY-MM-DD'), 'FISICO', 'PSSBTE44C11I307Z');

INSERT INTO ORDINE (SCONTO_APPLICATO, N_PRODOTTI, TOT_ORDINE, N_FATTURA_ORDINE, DATA_VENDITA, MODALITA_ACQUISTO, CF_C)
VALUES (25, 9, 858, 'OTTI-0003', TO_DATE('2023-06-10', 'YYYY-MM-DD'), 'FISICO', 'BSCDTR10E27B912J');

INSERT INTO ORDINE (SCONTO_APPLICATO, N_PRODOTTI, TOT_ORDINE, N_FATTURA_ORDINE, DATA_VENDITA, MODALITA_ACQUISTO, CF_C)
VALUES (10, 9, 1240, 'OTTI-0004', TO_DATE('2023-06-10', 'YYYY-MM-DD'), 'FISICO', 'GLNMHL37B47I265X');

INSERT INTO ORDINE (SCONTO_APPLICATO, N_PRODOTTI, TOT_ORDINE, N_FATTURA_ORDINE, DATA_VENDITA, MODALITA_ACQUISTO, CF_C)
VALUES (0, 10, 664.99, 'OTTI-0005', TO_DATE('2023-06-10', 'YYYY-MM-DD'), 'FISICO', 'MZZRLD97R28F517B');

INSERT INTO ORDINE (SCONTO_APPLICATO, N_PRODOTTI, TOT_ORDINE, N_FATTURA_ORDINE, DATA_VENDITA, MODALITA_ACQUISTO, CF_C)
VALUES (10, 14, 1290, 'OTTI-0006', TO_DATE('2023-06-10', 'YYYY-MM-DD'), 'FISICO', 'LNCSRN56M71H210P');

INSERT INTO ORDINE (SCONTO_APPLICATO, N_PRODOTTI, TOT_ORDINE, N_FATTURA_ORDINE, DATA_VENDITA, MODALITA_ACQUISTO, CF_C)
VALUES (10, 6, 700, 'OTTI-0007', TO_DATE('2023-06-10', 'YYYY-MM-DD'), 'FISICO', 'FNLGLD19T02A431F');

INSERT INTO ORDINE (SCONTO_APPLICATO, N_PRODOTTI, TOT_ORDINE, N_FATTURA_ORDINE, DATA_VENDITA, MODALITA_ACQUISTO, CF_C)
VALUES (50, 4, 315, 'OTTI-0008', TO_DATE('2023-06-10', 'YYYY-MM-DD'), 'FISICO', 'MSSLNI87H05B123H');

INSERT INTO ORDINE (SCONTO_APPLICATO, N_PRODOTTI, TOT_ORDINE, N_FATTURA_ORDINE, DATA_VENDITA, MODALITA_ACQUISTO, CF_C)
VALUES (25, 10, 710, 'OTTI-0009', TO_DATE('2023-06-10', 'YYYY-MM-DD'), 'FISICO', 'GRZCCO60A01G531V');

INSERT INTO ORDINE (SCONTO_APPLICATO, N_PRODOTTI, TOT_ORDINE, N_FATTURA_ORDINE, DATA_VENDITA, MODALITA_ACQUISTO, CF_C)
VALUES (15, 8, 1735, 'OTTI-0010', TO_DATE('2023-06-17', 'YYYY-MM-DD'), 'FISICO', 'CVNDSN87H05F205E');

INSERT INTO ORDINE (SCONTO_APPLICATO, N_PRODOTTI, TOT_ORDINE, N_FATTURA_ORDINE, DATA_VENDITA, MODALITA_ACQUISTO, CF_C)
VALUES (10, 3, 230, 'OTTI-0011', TO_DATE('2023-06-17', 'YYYY-MM-DD'), 'FISICO', 'BNCOVT60A01G531C');

INSERT INTO ORDINE (SCONTO_APPLICATO, N_PRODOTTI, TOT_ORDINE, N_FATTURA_ORDINE, DATA_VENDITA, MODALITA_ACQUISTO, CF_C)
VALUES (0, 4, 40, 'OTTI-0012', TO_DATE('2023-06-17', 'YYYY-MM-DD'), 'FISICO', 'CRCCHR56P01G531T');

INSERT INTO ORDINE (SCONTO_APPLICATO, N_PRODOTTI, TOT_ORDINE, N_FATTURA_ORDINE, DATA_VENDITA, MODALITA_ACQUISTO, CF_C)
VALUES (25, 3, 576, 'OTTI-0013', TO_DATE('2023-06-17', 'YYYY-MM-DD'), 'FISICO', 'LVZKEL85A01B924J');

INSERT INTO ORDINE (SCONTO_APPLICATO, N_PRODOTTI, TOT_ORDINE, N_FATTURA_ORDINE, DATA_VENDITA, MODALITA_ACQUISTO, CF_C)
VALUES (15, 6, 1100, 'OTTI-0014', TO_DATE('2023-06-17', 'YYYY-MM-DD'), 'FISICO', 'MSTRRT83C23A940B');

INSERT INTO ORDINE (SCONTO_APPLICATO, N_PRODOTTI, TOT_ORDINE, N_FATTURA_ORDINE, DATA_VENDITA, MODALITA_ACQUISTO, CF_C)
VALUES (0, 10, 1600, 'OTTI-0015', TO_DATE('2023-06-24', 'YYYY-MM-DD'), 'FISICO', 'SNTFNC80T01G531G');

INSERT INTO ORDINE (SCONTO_APPLICATO, N_PRODOTTI, TOT_ORDINE, N_FATTURA_ORDINE, DATA_VENDITA, MODALITA_ACQUISTO, CF_C)
VALUES (15, 3, 340, 'OTTI-0016', TO_DATE('2023-06-24', 'YYYY-MM-DD'), 'FISICO', 'QGLFBA82T11B924K');

INSERT INTO ORDINE (SCONTO_APPLICATO, N_PRODOTTI, TOT_ORDINE, N_FATTURA_ORDINE, DATA_VENDITA, MODALITA_ACQUISTO, CF_C)
VALUES (10, 3, 330, 'OTTI-0017', TO_DATE('2023-06-24', 'YYYY-MM-DD'), 'FISICO', 'CNNPLA74T16G531I');

INSERT INTO ORDINE (SCONTO_APPLICATO, N_PRODOTTI, TOT_ORDINE, N_FATTURA_ORDINE, DATA_VENDITA, MODALITA_ACQUISTO, CF_C)
VALUES (20, 5, 500, 'OTTI-0018', TO_DATE('2023-06-24', 'YYYY-MM-DD'), 'FISICO', 'ZZZGNN71C12G531Z');

INSERT INTO ORDINE (SCONTO_APPLICATO, N_PRODOTTI, TOT_ORDINE, N_FATTURA_ORDINE, DATA_VENDITA, MODALITA_ACQUISTO, CF_C)
VALUES (0, 3, 335, 'OTTI-0019', TO_DATE('2023-06-24', 'YYYY-MM-DD'), 'FISICO', 'DSSNDR80R50D704J');

INSERT INTO ORDINE (SCONTO_APPLICATO, N_PRODOTTI, TOT_ORDINE, N_FATTURA_ORDINE, DATA_VENDITA, MODALITA_ACQUISTO, CF_C)
VALUES (30, 3, 280, 'OTTI-0020', TO_DATE('2023-06-24', 'YYYY-MM-DD'), 'FISICO', 'DNTNTN77A12B924F');

INSERT INTO ORDINE (SCONTO_APPLICATO, N_PRODOTTI, TOT_ORDINE, N_FATTURA_ORDINE, DATA_VENDITA, MODALITA_ACQUISTO, CF_C)
VALUES (0, 2, 40, 'OTTI-0021', TO_DATE('2023-07-01', 'YYYY-MM-DD'), 'FISICO', 'MTMMRC74A12B944I');

INSERT INTO ORDINE (SCONTO_APPLICATO, N_PRODOTTI, TOT_ORDINE, N_FATTURA_ORDINE, DATA_VENDITA, MODALITA_ACQUISTO, CF_C)
VALUES (5, 9, 800, 'OTTI-0022', TO_DATE('2023-07-01', 'YYYY-MM-DD'), 'FISICO', 'PRLNDR79A12B944K');

INSERT INTO ORDINE (SCONTO_APPLICATO, N_PRODOTTI, TOT_ORDINE, N_FATTURA_ORDINE, DATA_VENDITA, MODALITA_ACQUISTO, CF_C)
VALUES (10, 3, 425, 'OTTI-0023', TO_DATE('2023-07-01', 'YYYY-MM-DD'), 'FISICO', 'TTIFRN76A12B944M');

INSERT INTO ORDINE (SCONTO_APPLICATO, N_PRODOTTI, TOT_ORDINE, N_FATTURA_ORDINE, DATA_VENDITA, MODALITA_ACQUISTO, CF_C)
VALUES (20, 6, 1000, 'OTTI-0024', TO_DATE('2023-07-01', 'YYYY-MM-DD'), 'FISICO', 'ZLGNFN65A12B944O');

INSERT INTO ORDINE (SCONTO_APPLICATO, N_PRODOTTI, TOT_ORDINE, N_FATTURA_ORDINE, DATA_VENDITA, MODALITA_ACQUISTO, CF_C)
VALUES (25, 3, 300, 'OTTI-0025', TO_DATE('2023-07-01', 'YYYY-MM-DD'), 'FISICO', 'DLPLSN74A12B944R');

INSERT INTO ORDINE (SCONTO_APPLICATO, N_PRODOTTI, TOT_ORDINE, N_FATTURA_ORDINE, DATA_VENDITA, MODALITA_ACQUISTO, CF_C)
VALUES (10, 3, 400, 'OTTI-0026', TO_DATE('2023-07-01', 'YYYY-MM-DD'), 'FISICO', 'GTTGNN77A12B944S');

INSERT INTO ORDINE (SCONTO_APPLICATO, N_PRODOTTI, TOT_ORDINE, N_FATTURA_ORDINE, DATA_VENDITA, MODALITA_ACQUISTO, CF_C)
VALUES (0, 6, 975, 'OTTI-0027', TO_DATE('2023-07-01', 'YYYY-MM-DD'), 'FISICO', 'CMRMRU76A12B944L');

INSERT INTO ORDINE (SCONTO_APPLICATO, N_PRODOTTI, TOT_ORDINE, N_FATTURA_ORDINE, DATA_VENDITA, MODALITA_ACQUISTO, CF_C)
VALUES (25, 3, 220, 'OTTI-0028', TO_DATE('2023-07-01', 'YYYY-MM-DD'), 'FISICO', 'TNILCU77A12B944W');

INSERT INTO ORDINE (SCONTO_APPLICATO, N_PRODOTTI, TOT_ORDINE, N_FATTURA_ORDINE, DATA_VENDITA, MODALITA_ACQUISTO, CF_C)
VALUES (25, 5, 300, 'OTTI-0029', TO_DATE('2023-07-08', 'YYYY-MM-DD'), 'FISICO', 'CNNNTN76A12B944T');

INSERT INTO ORDINE (SCONTO_APPLICATO, N_PRODOTTI, TOT_ORDINE, N_FATTURA_ORDINE, DATA_VENDITA, MODALITA_ACQUISTO, CF_C)
VALUES (15, 3, 1000, 'OTTI-0030', TO_DATE('2023-07-08', 'YYYY-MM-DD'), 'FISICO', 'PPESMN84A12B944G');

INSERT INTO ORDINE (SCONTO_APPLICATO, N_PRODOTTI, TOT_ORDINE, N_FATTURA_ORDINE, DATA_VENDITA, MODALITA_ACQUISTO, CF_C)
VALUES (5, 3, 400, 'OTTI-0031', TO_DATE('2023-06-23', 'YYYY-MM-DD'), 'ONLINE', 'GRSFBA85A12B944S');

INSERT INTO ORDINE (SCONTO_APPLICATO, N_PRODOTTI, TOT_ORDINE, N_FATTURA_ORDINE, DATA_VENDITA, MODALITA_ACQUISTO, CF_C)
VALUES (20, 3, 200, 'OTTI-0032', TO_DATE('2023-06-21', 'YYYY-MM-DD'), 'ONLINE', 'GTTFNC88A12B944H');

INSERT INTO ORDINE (SCONTO_APPLICATO, N_PRODOTTI, TOT_ORDINE, N_FATTURA_ORDINE, DATA_VENDITA, MODALITA_ACQUISTO, CF_C)
VALUES (10, 6, 50, 'OTTI-0033', TO_DATE('2023-06-28', 'YYYY-MM-DD'), 'ONLINE', 'CGRLCU86A12B944J');

--- ---
---POPOLAMENTO TABELLA PRODOTTO_INDUSTRIALE---
---GUCCI---
INSERT INTO PRODOTTO_INDUSTRIALE (PREZZO, COLORE, GARANZIA, CODICE_PRODOTTO, NUMERO_FATTURA_FORNITURA, N_FATTURA_ORDINE)
VALUES (250.00, 'Nero', 1, '001-001', 'GUC-001', 'OTTI-0001');

INSERT INTO PRODOTTO_INDUSTRIALE (PREZZO, COLORE, GARANZIA, CODICE_PRODOTTO, NUMERO_FATTURA_FORNITURA, N_FATTURA_ORDINE)
VALUES (250.00, 'Blu', 1, '001-002', 'GUC-001', 'OTTI-0002');

---RAY BAN--

INSERT INTO PRODOTTO_INDUSTRIALE (PREZZO, COLORE, GARANZIA, CODICE_PRODOTTO, NUMERO_FATTURA_FORNITURA, N_FATTURA_ORDINE)
VALUES (220.00, 'Nero', 2, '002-001', 'RYB-001', 'OTTI-0003');

INSERT INTO PRODOTTO_INDUSTRIALE (PREZZO, COLORE, GARANZIA, CODICE_PRODOTTO, NUMERO_FATTURA_FORNITURA, N_FATTURA_ORDINE)
VALUES (220.00, 'Blu', 2, '002-002', 'RYB-001', 'OTTI-0005');

INSERT INTO PRODOTTO_INDUSTRIALE (PREZZO, COLORE, GARANZIA, CODICE_PRODOTTO, NUMERO_FATTURA_FORNITURA, N_FATTURA_ORDINE)
VALUES (220.00, 'Rosso', 2, '002-003', 'RYB-001', 'OTTI-0006');

INSERT INTO PRODOTTO_INDUSTRIALE (PREZZO, COLORE, GARANZIA, CODICE_PRODOTTO, NUMERO_FATTURA_FORNITURA, N_FATTURA_ORDINE)
VALUES (220.00, 'Verde', 2, '002-004', 'RYB-001', 'OTTI-0008');

INSERT INTO PRODOTTO_INDUSTRIALE (PREZZO, COLORE, GARANZIA, CODICE_PRODOTTO, NUMERO_FATTURA_FORNITURA, N_FATTURA_ORDINE)
VALUES (220.00, 'Giallo', 2, '002-005', 'RYB-001', 'OTTI-0010');

-- POLAR --
INSERT INTO PRODOTTO_INDUSTRIALE (PREZZO, COLORE, GARANZIA, CODICE_PRODOTTO, NUMERO_FATTURA_FORNITURA, N_FATTURA_ORDINE)
VALUES (114.99, 'Nero', 2, '003-001', 'PLR-001', 'OTTI-0005');

INSERT INTO PRODOTTO_INDUSTRIALE (PREZZO, COLORE, GARANZIA, CODICE_PRODOTTO, NUMERO_FATTURA_FORNITURA, N_FATTURA_ORDINE)
VALUES (114.99, 'Blu', 2, '003-002', 'PLR-001', 'OTTI-0007');

INSERT INTO PRODOTTO_INDUSTRIALE (PREZZO, COLORE, GARANZIA, CODICE_PRODOTTO, NUMERO_FATTURA_FORNITURA, N_FATTURA_ORDINE)
VALUES (114.99, 'Rosso', 2, '003-003', 'PLR-001', 'OTTI-0009');

INSERT INTO PRODOTTO_INDUSTRIALE (PREZZO, COLORE, GARANZIA, CODICE_PRODOTTO, NUMERO_FATTURA_FORNITURA, N_FATTURA_ORDINE)
VALUES (114.99, 'Maculato', 2, '003-004', 'PLR-001','OTTI-0016' );

INSERT INTO PRODOTTO_INDUSTRIALE (PREZZO, COLORE, GARANZIA, CODICE_PRODOTTO, NUMERO_FATTURA_FORNITURA, N_FATTURA_ORDINE)
VALUES (114.99, 'Verde', 2, '003-005', 'PLR-001', 'OTTI-0019');



---FILA---
INSERT INTO PRODOTTO_INDUSTRIALE (PREZZO, COLORE, GARANZIA, CODICE_PRODOTTO, NUMERO_FATTURA_FORNITURA, N_FATTURA_ORDINE)
VALUES (130.00, 'Nero', 2, '004-001', 'FLA-001', 'OTTI-0003');

INSERT INTO PRODOTTO_INDUSTRIALE (PREZZO, COLORE, GARANZIA, CODICE_PRODOTTO, NUMERO_FATTURA_FORNITURA, N_FATTURA_ORDINE)
VALUES (130.00, 'Blu', 2, '004-002', 'FLA-001', 'OTTI-0009');

INSERT INTO PRODOTTO_INDUSTRIALE (PREZZO, COLORE, GARANZIA, CODICE_PRODOTTO, NUMERO_FATTURA_FORNITURA, N_FATTURA_ORDINE)
VALUES (130.00, 'Rosa', 2, '004-003', 'FLA-001', 'OTTI-0011');

INSERT INTO PRODOTTO_INDUSTRIALE (PREZZO, COLORE, GARANZIA, CODICE_PRODOTTO, NUMERO_FATTURA_FORNITURA, N_FATTURA_ORDINE)
VALUES (130.00, 'Azzurro', 2, '004-004', 'FLA-001', 'OTTI-0017');

INSERT INTO PRODOTTO_INDUSTRIALE (PREZZO, COLORE, GARANZIA, CODICE_PRODOTTO, NUMERO_FATTURA_FORNITURA, N_FATTURA_ORDINE)
VALUES (130.00, 'Giallo', 2, '004-005', 'FLA-001', 'OTTI-0020');


---DSQUARED---
INSERT INTO PRODOTTO_INDUSTRIALE (PREZZO, COLORE, GARANZIA, CODICE_PRODOTTO, NUMERO_FATTURA_FORNITURA, N_FATTURA_ORDINE)
VALUES (260.00, 'Nero&Bianco', 6, '005-001', 'DSQ-005', 'OTTI-0003');

INSERT INTO PRODOTTO_INDUSTRIALE (PREZZO, COLORE, GARANZIA, CODICE_PRODOTTO, NUMERO_FATTURA_FORNITURA, N_FATTURA_ORDINE)
VALUES (260.00, 'Rosso&Nero', 6, '005-002', 'DSQ-005', 'OTTI-0006');

---CARTIER---
INSERT INTO PRODOTTO_INDUSTRIALE (PREZZO, COLORE, GARANZIA, CODICE_PRODOTTO, NUMERO_FATTURA_FORNITURA, N_FATTURA_ORDINE)
VALUES (975.50, 'Oro', 12, '006-001', 'CRT-006', 'OTTI-0004');

INSERT INTO PRODOTTO_INDUSTRIALE (PREZZO, COLORE, GARANZIA, CODICE_PRODOTTO, NUMERO_FATTURA_FORNITURA, N_FATTURA_ORDINE)
VALUES (975.50, 'Argento', 12, '006-002', 'CRT-006', 'OTTI-0010');

---LENTI A CONTATTO DAILES---
INSERT INTO PRODOTTO_INDUSTRIALE (PREZZO, COLORE, GARANZIA, CODICE_PRODOTTO, NUMERO_FATTURA_FORNITURA, N_FATTURA_ORDINE)
VALUES (10.00, 'Trasparente', NULL, '007-001', 'LAC-007', 'OTTI-0004');

INSERT INTO PRODOTTO_INDUSTRIALE (PREZZO, COLORE, GARANZIA, CODICE_PRODOTTO, NUMERO_FATTURA_FORNITURA, N_FATTURA_ORDINE)
VALUES (10.00, 'Trasparente', NULL, '007-002', 'LAC-007', 'OTTI-0004');

INSERT INTO PRODOTTO_INDUSTRIALE (PREZZO, COLORE, GARANZIA, CODICE_PRODOTTO, NUMERO_FATTURA_FORNITURA, N_FATTURA_ORDINE)
VALUES (10.00, 'Trasparente', NULL, '007-003', 'LAC-007', 'OTTI-0004');

INSERT INTO PRODOTTO_INDUSTRIALE (PREZZO, COLORE, GARANZIA, CODICE_PRODOTTO, NUMERO_FATTURA_FORNITURA, N_FATTURA_ORDINE)
VALUES (10.00, 'Trasparente', NULL, '007-004', 'LAC-007', 'OTTI-0004');

INSERT INTO PRODOTTO_INDUSTRIALE (PREZZO, COLORE, GARANZIA, CODICE_PRODOTTO, NUMERO_FATTURA_FORNITURA, N_FATTURA_ORDINE)
VALUES (10.00, 'Trasparente', NULL, '007-005', 'LAC-007', 'OTTI-0004');

INSERT INTO PRODOTTO_INDUSTRIALE (PREZZO, COLORE, GARANZIA, CODICE_PRODOTTO, NUMERO_FATTURA_FORNITURA, N_FATTURA_ORDINE)
VALUES (10.00, 'Trasparente', NULL, '007-006', 'LAC-007', 'OTTI-0008');

INSERT INTO PRODOTTO_INDUSTRIALE (PREZZO, COLORE, GARANZIA, CODICE_PRODOTTO, NUMERO_FATTURA_FORNITURA, N_FATTURA_ORDINE)
VALUES (10.00, 'Trasparente', NULL, '007-007', 'LAC-007', 'OTTI-0009');

INSERT INTO PRODOTTO_INDUSTRIALE (PREZZO, COLORE, GARANZIA, CODICE_PRODOTTO, NUMERO_FATTURA_FORNITURA, N_FATTURA_ORDINE)
VALUES (10.00, 'Trasparente', NULL, '007-008', 'LAC-007', 'OTTI-0012');

INSERT INTO PRODOTTO_INDUSTRIALE (PREZZO, COLORE, GARANZIA, CODICE_PRODOTTO, NUMERO_FATTURA_FORNITURA, N_FATTURA_ORDINE)
VALUES (10.00, 'Trasparente', NULL, '007-009', 'LAC-007', 'OTTI-0012');

INSERT INTO PRODOTTO_INDUSTRIALE (PREZZO, COLORE, GARANZIA, CODICE_PRODOTTO, NUMERO_FATTURA_FORNITURA, N_FATTURA_ORDINE)
VALUES (10.00, 'Trasparente', NULL, '007-010', 'LAC-007', 'OTTI-0012');

INSERT INTO PRODOTTO_INDUSTRIALE (PREZZO, COLORE, GARANZIA, CODICE_PRODOTTO, NUMERO_FATTURA_FORNITURA, N_FATTURA_ORDINE)
VALUES (10.00, 'Trasparente', NULL, '007-011', 'LAC-007', 'OTTI-0012');

INSERT INTO PRODOTTO_INDUSTRIALE (PREZZO, COLORE, GARANZIA, CODICE_PRODOTTO, NUMERO_FATTURA_FORNITURA, N_FATTURA_ORDINE)
VALUES (10.00, 'Trasparente', NULL, '007-012', 'LAC-007', 'OTTI-0018');

INSERT INTO PRODOTTO_INDUSTRIALE (PREZZO, COLORE, GARANZIA, CODICE_PRODOTTO, NUMERO_FATTURA_FORNITURA, N_FATTURA_ORDINE)
VALUES (10.00, 'Trasparente', NULL, '007-013', 'LAC-007', 'OTTI-0018');

INSERT INTO PRODOTTO_INDUSTRIALE (PREZZO, COLORE, GARANZIA, CODICE_PRODOTTO, NUMERO_FATTURA_FORNITURA, N_FATTURA_ORDINE)
VALUES (10.00, 'Trasparente', NULL, '007-014', 'LAC-007', 'OTTI-0021');

INSERT INTO PRODOTTO_INDUSTRIALE (PREZZO, COLORE, GARANZIA, CODICE_PRODOTTO, NUMERO_FATTURA_FORNITURA, N_FATTURA_ORDINE)
VALUES (10.00, 'Trasparente', NULL, '007-015', 'LAC-007', 'OTTI-0021');

---GUCCI SECONDA FORNITURA---
INSERT INTO PRODOTTO_INDUSTRIALE (PREZZO, COLORE, GARANZIA, CODICE_PRODOTTO, NUMERO_FATTURA_FORNITURA, N_FATTURA_ORDINE)
VALUES (250.50, 'Verde&Rosso', 1, '008-001', 'GUC-002', 'OTTI-0006');

---DIOR---
INSERT INTO PRODOTTO_INDUSTRIALE (PREZZO, COLORE, GARANZIA, CODICE_PRODOTTO, NUMERO_FATTURA_FORNITURA, N_FATTURA_ORDINE)
VALUES (299.99, 'Oro&Nero', 1, '009-001', 'DOR-001', 'OTTI-0013');

INSERT INTO PRODOTTO_INDUSTRIALE (PREZZO, COLORE, GARANZIA, CODICE_PRODOTTO, NUMERO_FATTURA_FORNITURA, N_FATTURA_ORDINE)
VALUES (299.99, 'Argento&Oro', 1, '009-002', 'DOR-001', 'OTTI-0018');

---GUCCI TERZA FORNITURA---
INSERT INTO PRODOTTO_INDUSTRIALE (PREZZO, COLORE, GARANZIA, CODICE_PRODOTTO, NUMERO_FATTURA_FORNITURA, N_FATTURA_ORDINE)
VALUES (315.50, 'Nero Opaco', 1, '010-001', 'GUC-016', 'OTTI-0022');

---MOSCOT---
INSERT INTO PRODOTTO_INDUSTRIALE (PREZZO, COLORE, GARANZIA, CODICE_PRODOTTO, NUMERO_FATTURA_FORNITURA, N_FATTURA_ORDINE)
VALUES (299.99, 'MarroneMaculato', 1, '011-001', 'MST-017', 'OTTI-0005');

INSERT INTO PRODOTTO_INDUSTRIALE (PREZZO, COLORE, GARANZIA, CODICE_PRODOTTO, NUMERO_FATTURA_FORNITURA, N_FATTURA_ORDINE)
VALUES (299.99, 'Black', 1, '011-002', 'MST-017', 'OTTI-0014');

---VERSACE---
INSERT INTO PRODOTTO_INDUSTRIALE (PREZZO, COLORE, GARANZIA, CODICE_PRODOTTO, NUMERO_FATTURA_FORNITURA, N_FATTURA_ORDINE)
VALUES (320.00, 'Giallo Versace', 1, '012-001', 'VRS-018', 'OTTI-0014');

INSERT INTO PRODOTTO_INDUSTRIALE (PREZZO, COLORE, GARANZIA, CODICE_PRODOTTO, NUMERO_FATTURA_FORNITURA, N_FATTURA_ORDINE)
VALUES (320.00, 'Nero con Logo', 1, '012-002', 'VRS-018', 'OTTI-0027');

---RAYBAN seconda fornitura---
INSERT INTO PRODOTTO_INDUSTRIALE (PREZZO, COLORE, GARANZIA, CODICE_PRODOTTO, NUMERO_FATTURA_FORNITURA, N_FATTURA_ORDINE)
VALUES (215.00, 'Nero', 2, '013-001', 'RYB-019', 'OTTI-0023');

INSERT INTO PRODOTTO_INDUSTRIALE (PREZZO, COLORE, GARANZIA, CODICE_PRODOTTO, NUMERO_FATTURA_FORNITURA, N_FATTURA_ORDINE)
VALUES (215.00, 'Marrone', 2, '013-002', 'RYB-019', 'OTTI-0027');

---PERSOL---
INSERT INTO PRODOTTO_INDUSTRIALE (PREZZO, COLORE, GARANZIA, CODICE_PRODOTTO, NUMERO_FATTURA_FORNITURA, N_FATTURA_ORDINE)
VALUES (120.00, 'Nero', 2, '014-001', 'PRS-020', 'OTTI-0022');

INSERT INTO PRODOTTO_INDUSTRIALE (PREZZO, COLORE, GARANZIA, CODICE_PRODOTTO, NUMERO_FATTURA_FORNITURA, N_FATTURA_ORDINE)
VALUES (120.00, 'Blu', 2, '014-002', 'PRS-020', 'OTTI-0025');

INSERT INTO PRODOTTO_INDUSTRIALE (PREZZO, COLORE, GARANZIA, CODICE_PRODOTTO, NUMERO_FATTURA_FORNITURA, N_FATTURA_ORDINE)
VALUES (120.00, 'Magenta', 2, '014-003', 'PRS-020', 'OTTI-0029');

---PRADA---
INSERT INTO PRODOTTO_INDUSTRIALE (PREZZO, COLORE, GARANZIA, CODICE_PRODOTTO, NUMERO_FATTURA_FORNITURA, N_FATTURA_ORDINE)
VALUES (800.00, 'Nero', 12, '015-001', 'PRD-021', 'OTTI-0015');

INSERT INTO PRODOTTO_INDUSTRIALE (PREZZO, COLORE, GARANZIA, CODICE_PRODOTTO, NUMERO_FATTURA_FORNITURA, N_FATTURA_ORDINE)
VALUES (800.00, 'NeroLucido', 12, '015-002', 'PRD-021', 'OTTI-0024');

INSERT INTO PRODOTTO_INDUSTRIALE (PREZZO, COLORE, GARANZIA, CODICE_PRODOTTO, NUMERO_FATTURA_FORNITURA, N_FATTURA_ORDINE)
VALUES (800.00, 'NeroOpaco', 12, '015-003', 'PRD-021', 'OTTI-0030');

---GUESS---
INSERT INTO PRODOTTO_INDUSTRIALE (PREZZO, COLORE, GARANZIA, CODICE_PRODOTTO, NUMERO_FATTURA_FORNITURA, N_FATTURA_ORDINE)
VALUES (100.00, 'Bianco', 1, '016-001', 'GSS-022', 'OTTI-0024');

INSERT INTO PRODOTTO_INDUSTRIALE (PREZZO, COLORE, GARANZIA, CODICE_PRODOTTO, NUMERO_FATTURA_FORNITURA, N_FATTURA_ORDINE)
VALUES (100.00, 'Verde', 1, '016-002', 'GSS-022', 'OTTI-0028');

INSERT INTO PRODOTTO_INDUSTRIALE (PREZZO, COLORE, GARANZIA, CODICE_PRODOTTO, NUMERO_FATTURA_FORNITURA, N_FATTURA_ORDINE)
VALUES (100.00, 'Bianco&Oro', 1, '016-003', 'GSS-022', 'OTTI-0032');

---GIVENCHY---
INSERT INTO PRODOTTO_INDUSTRIALE (PREZZO, COLORE, GARANZIA, CODICE_PRODOTTO, NUMERO_FATTURA_FORNITURA, N_FATTURA_ORDINE)
VALUES (250.00, 'Nero', 12, '017-001', 'GHY-023', 'OTTI-0015');

INSERT INTO PRODOTTO_INDUSTRIALE (PREZZO, COLORE, GARANZIA, CODICE_PRODOTTO, NUMERO_FATTURA_FORNITURA, N_FATTURA_ORDINE)
VALUES (250.00, 'Nero&Rosso', 12, '017-002', 'GHY-023', 'OTTI-0026');

INSERT INTO PRODOTTO_INDUSTRIALE (PREZZO, COLORE, GARANZIA, CODICE_PRODOTTO, NUMERO_FATTURA_FORNITURA, N_FATTURA_ORDINE)
VALUES (250.00, 'Rosso', 12, '017-003', 'GHY-023', 'OTTI-0031');

---LENTI A CONTATTO DAILES SECONDA FORNITURA---
INSERT INTO PRODOTTO_INDUSTRIALE (PREZZO, COLORE, GARANZIA, CODICE_PRODOTTO, NUMERO_FATTURA_FORNITURA, N_FATTURA_ORDINE)
VALUES (10.00, 'Trasparente', NULL, '018-001', 'LAC-015', 'OTTI-0005');

INSERT INTO PRODOTTO_INDUSTRIALE (PREZZO, COLORE, GARANZIA, CODICE_PRODOTTO, NUMERO_FATTURA_FORNITURA, N_FATTURA_ORDINE)
VALUES (10.00, 'Trasparente', NULL, '018-002', 'LAC-015', 'OTTI-0015');

INSERT INTO PRODOTTO_INDUSTRIALE (PREZZO, COLORE, GARANZIA, CODICE_PRODOTTO, NUMERO_FATTURA_FORNITURA, N_FATTURA_ORDINE)
VALUES (10.00, 'Trasparente', NULL, '018-003', 'LAC-015', 'OTTI-0015');

INSERT INTO PRODOTTO_INDUSTRIALE (PREZZO, COLORE, GARANZIA, CODICE_PRODOTTO, NUMERO_FATTURA_FORNITURA, N_FATTURA_ORDINE)
VALUES (10.00, 'Trasparente', NULL, '018-004', 'LAC-015', 'OTTI-0029');

INSERT INTO PRODOTTO_INDUSTRIALE (PREZZO, COLORE, GARANZIA, CODICE_PRODOTTO, NUMERO_FATTURA_FORNITURA, N_FATTURA_ORDINE)
VALUES (10.00, 'Trasparente', NULL, '018-005', 'LAC-015', 'OTTI-0029');

INSERT INTO PRODOTTO_INDUSTRIALE (PREZZO, COLORE, GARANZIA, CODICE_PRODOTTO, NUMERO_FATTURA_FORNITURA, N_FATTURA_ORDINE)
VALUES (10.00, 'Trasparente', NULL, '018-006', 'LAC-015', 'OTTI-0033');

INSERT INTO PRODOTTO_INDUSTRIALE (PREZZO, COLORE, GARANZIA, CODICE_PRODOTTO, NUMERO_FATTURA_FORNITURA, N_FATTURA_ORDINE)
VALUES (10.00, 'Trasparente', NULL, '018-007', 'LAC-015', 'OTTI-0033');

---PANNI MICROFIBRA---
INSERT INTO PRODOTTO_INDUSTRIALE (PREZZO, COLORE, GARANZIA, CODICE_PRODOTTO, NUMERO_FATTURA_FORNITURA, N_FATTURA_ORDINE)
VALUES (5.00, 'BiancoLogo', NULL, '019-001', 'PMF-010', 'OTTI-0004');

INSERT INTO PRODOTTO_INDUSTRIALE (PREZZO, COLORE, GARANZIA, CODICE_PRODOTTO, NUMERO_FATTURA_FORNITURA, N_FATTURA_ORDINE)
VALUES (5.00, 'BiancoLogo', NULL, '019-002', 'PMF-010', 'OTTI-0005');

INSERT INTO PRODOTTO_INDUSTRIALE (PREZZO, COLORE, GARANZIA, CODICE_PRODOTTO, NUMERO_FATTURA_FORNITURA, N_FATTURA_ORDINE)
VALUES (5.00, 'BiancoLogo', NULL, '019-003', 'PMF-010', 'OTTI-0005');

INSERT INTO PRODOTTO_INDUSTRIALE (PREZZO, COLORE, GARANZIA, CODICE_PRODOTTO, NUMERO_FATTURA_FORNITURA, N_FATTURA_ORDINE)
VALUES (5.00, 'BiancoLogo', NULL, '019-004', 'PMF-010', 'OTTI-0009');

INSERT INTO PRODOTTO_INDUSTRIALE (PREZZO, COLORE, GARANZIA, CODICE_PRODOTTO, NUMERO_FATTURA_FORNITURA, N_FATTURA_ORDINE)
VALUES (5.00, 'BiancoLogo', NULL, '019-005', 'PMF-010', 'OTTI-0015');

INSERT INTO PRODOTTO_INDUSTRIALE (PREZZO, COLORE, GARANZIA, CODICE_PRODOTTO, NUMERO_FATTURA_FORNITURA, N_FATTURA_ORDINE)
VALUES (5.00, 'BiancoLogo', NULL, '019-006', 'PMF-010', 'OTTI-0015');

INSERT INTO PRODOTTO_INDUSTRIALE (PREZZO, COLORE, GARANZIA, CODICE_PRODOTTO, NUMERO_FATTURA_FORNITURA, N_FATTURA_ORDINE)
VALUES (5.00, 'BiancoLogo', NULL, '019-007', 'PMF-010', 'OTTI-0022');

INSERT INTO PRODOTTO_INDUSTRIALE (PREZZO, COLORE, GARANZIA, CODICE_PRODOTTO, NUMERO_FATTURA_FORNITURA, N_FATTURA_ORDINE)
VALUES (5.00, 'BiancoLogo', NULL, '019-008', 'PMF-010', 'OTTI-0033');

INSERT INTO PRODOTTO_INDUSTRIALE (PREZZO, COLORE, GARANZIA, CODICE_PRODOTTO, NUMERO_FATTURA_FORNITURA, N_FATTURA_ORDINE)
VALUES (5.00, 'BiancoLogo', NULL, '019-009', 'PMF-010', 'OTTI-0033');

---SPRAY PULIZIA OCCHIALI---
INSERT INTO PRODOTTO_INDUSTRIALE (PREZZO, COLORE, GARANZIA, CODICE_PRODOTTO, NUMERO_FATTURA_FORNITURA, N_FATTURA_ORDINE)
VALUES (10.00, 'Trasparente', NULL, '020-001', 'SPO-015', 'OTTI-0004');

INSERT INTO PRODOTTO_INDUSTRIALE (PREZZO, COLORE, GARANZIA, CODICE_PRODOTTO, NUMERO_FATTURA_FORNITURA, N_FATTURA_ORDINE)
VALUES (10.00, 'Trasparente', NULL, '020-002', 'SPO-015', 'OTTI-0005');

INSERT INTO PRODOTTO_INDUSTRIALE (PREZZO, COLORE, GARANZIA, CODICE_PRODOTTO, NUMERO_FATTURA_FORNITURA, N_FATTURA_ORDINE)
VALUES (10.00, 'Trasparente', NULL, '020-003', 'SPO-015', 'OTTI-0006');

INSERT INTO PRODOTTO_INDUSTRIALE (PREZZO, COLORE, GARANZIA, CODICE_PRODOTTO, NUMERO_FATTURA_FORNITURA, N_FATTURA_ORDINE)
VALUES (10.00, 'Trasparente', NULL, '020-004', 'SPO-015', 'OTTI-0009');

INSERT INTO PRODOTTO_INDUSTRIALE (PREZZO, COLORE, GARANZIA, CODICE_PRODOTTO, NUMERO_FATTURA_FORNITURA, N_FATTURA_ORDINE)
VALUES (10.00, 'Trasparente', NULL, '020-005', 'SPO-015', 'OTTI-0009');

INSERT INTO PRODOTTO_INDUSTRIALE (PREZZO, COLORE, GARANZIA, CODICE_PRODOTTO, NUMERO_FATTURA_FORNITURA, N_FATTURA_ORDINE)
VALUES (10.00, 'Trasparente', NULL, '020-006', 'SPO-015', 'OTTI-0010');

INSERT INTO PRODOTTO_INDUSTRIALE (PREZZO, COLORE, GARANZIA, CODICE_PRODOTTO, NUMERO_FATTURA_FORNITURA, N_FATTURA_ORDINE)
VALUES (10.00, 'Trasparente', NULL, '020-007', 'SPO-015','OTTI-0010');

INSERT INTO PRODOTTO_INDUSTRIALE (PREZZO, COLORE, GARANZIA, CODICE_PRODOTTO, NUMERO_FATTURA_FORNITURA, N_FATTURA_ORDINE)
VALUES (10.00, 'Trasparente', NULL, '020-008', 'SPO-015', 'OTTI-0033');

---CUSTODIA PER OCCHIALI---
INSERT INTO PRODOTTO_INDUSTRIALE (PREZZO, COLORE, GARANZIA, CODICE_PRODOTTO, NUMERO_FATTURA_FORNITURA, N_FATTURA_ORDINE)
VALUES (10.00, 'Nera&Logo', NULL, '021-001', 'CUS-015', 'OTTI-0006');

INSERT INTO PRODOTTO_INDUSTRIALE (PREZZO, COLORE, GARANZIA, CODICE_PRODOTTO, NUMERO_FATTURA_FORNITURA, N_FATTURA_ORDINE)
VALUES (10.00, 'Nera&Logo', NULL, '021-002', 'CUS-015', 'OTTI-0006');

INSERT INTO PRODOTTO_INDUSTRIALE (PREZZO, COLORE, GARANZIA, CODICE_PRODOTTO, NUMERO_FATTURA_FORNITURA, N_FATTURA_ORDINE)
VALUES (10.00, 'Nera&Logo', NULL, '021-003', 'CUS-015', 'OTTI-0006');

INSERT INTO PRODOTTO_INDUSTRIALE (PREZZO, COLORE, GARANZIA, CODICE_PRODOTTO, NUMERO_FATTURA_FORNITURA, N_FATTURA_ORDINE)
VALUES (10.00, 'Nera&Logo', NULL, '021-004', 'CUS-015', 'OTTI-0022');

INSERT INTO PRODOTTO_INDUSTRIALE (PREZZO, COLORE, GARANZIA, CODICE_PRODOTTO, NUMERO_FATTURA_FORNITURA, N_FATTURA_ORDINE)
VALUES (10.00, 'Nera&Logo', NULL, '021-005', 'CUS-015', 'OTTI-0022');

INSERT INTO PRODOTTO_INDUSTRIALE (PREZZO, COLORE, GARANZIA, CODICE_PRODOTTO, NUMERO_FATTURA_FORNITURA, N_FATTURA_ORDINE)
VALUES (10.00, 'Nera&Logo', NULL, '021-006', 'CUS-015', 'OTTI-0033');


---POPOLAMENTO TABELLA PRENOTAZIONE---
---PRIMA SESSIONE VISITE SABATO 10/06
INSERT INTO PRENOTAZIONE (DATA_V, ID_PRENOTAZIONE, DATA_P, CF_C)
VALUES (TO_DATE('2023-06-10 09:00:00', 'YYYY-MM-DD HH24:MI:SS'), 101, TO_DATE('2023-06-09', 'YYYY-MM-DD'), 'MNNNCL11E08H862Q');

INSERT INTO PRENOTAZIONE (DATA_V, ID_PRENOTAZIONE, DATA_P, CF_C)
VALUES (TO_DATE('2023-06-10 09:30:00', 'YYYY-MM-DD HH24:MI:SS'), 102, TO_DATE('2023-06-08', 'YYYY-MM-DD'), 'PSSBTE44C11I307Z');

INSERT INTO PRENOTAZIONE (DATA_V, ID_PRENOTAZIONE, DATA_P, CF_C)
VALUES (TO_DATE('2023-06-10 10:00:00', 'YYYY-MM-DD HH24:MI:SS'), 103, TO_DATE('2023-06-08', 'YYYY-MM-DD'), 'BSCDTR10E27B912J');

INSERT INTO PRENOTAZIONE (DATA_V, ID_PRENOTAZIONE, DATA_P, CF_C)
VALUES (TO_DATE('2023-06-10 10:30:00', 'YYYY-MM-DD HH24:MI:SS'), 104, TO_DATE('2023-06-09', 'YYYY-MM-DD'), 'GLNMHL37B47I265X');

INSERT INTO PRENOTAZIONE (DATA_V, ID_PRENOTAZIONE, DATA_P, CF_C)
VALUES (TO_DATE('2023-06-10 11:00:00', 'YYYY-MM-DD HH24:MI:SS'), 105, TO_DATE('2023-06-09', 'YYYY-MM-DD'), 'MZZRLD97R28F517B');

INSERT INTO PRENOTAZIONE (DATA_V, ID_PRENOTAZIONE, DATA_P, CF_C)
VALUES (TO_DATE('2023-06-10 11:30:00', 'YYYY-MM-DD HH24:MI:SS'), 106, TO_DATE('2023-06-09', 'YYYY-MM-DD'), 'LNCSRN56M71H210P');

INSERT INTO PRENOTAZIONE (DATA_V, ID_PRENOTAZIONE, DATA_P, CF_C)
VALUES (TO_DATE('2023-06-10 12:00:00', 'YYYY-MM-DD HH24:MI:SS'), 107, TO_DATE('2023-06-08', 'YYYY-MM-DD'), 'FNLGLD19T02A431F');

INSERT INTO PRENOTAZIONE (DATA_V, ID_PRENOTAZIONE, DATA_P, CF_C)
VALUES (TO_DATE('2023-06-10 12:30:00', 'YYYY-MM-DD HH24:MI:SS'), 108, TO_DATE('2023-06-09', 'YYYY-MM-DD'), 'MSSLNI87H05B123H');

INSERT INTO PRENOTAZIONE (DATA_V, ID_PRENOTAZIONE, DATA_P, CF_C)
VALUES (TO_DATE('2023-06-10 13:00:00', 'YYYY-MM-DD HH24:MI:SS'), 109, TO_DATE('2023-06-08', 'YYYY-MM-DD'), 'GRZCCO60A01G531V');

---SECONDA SESSIONE VISITE SABATO 17/06---

INSERT INTO PRENOTAZIONE (DATA_V, ID_PRENOTAZIONE, DATA_P, CF_C)
VALUES (TO_DATE('2023-06-17 09:00:00', 'YYYY-MM-DD HH24:MI:SS'), 171, TO_DATE('2023-06-12', 'YYYY-MM-DD'), 'CVNDSN87H05F205E');

INSERT INTO PRENOTAZIONE (DATA_V, ID_PRENOTAZIONE, DATA_P, CF_C)
VALUES (TO_DATE('2023-06-17 09:30:00', 'YYYY-MM-DD HH24:MI:SS'), 172, TO_DATE('2023-06-13', 'YYYY-MM-DD'), 'BNCOVT60A01G531C');

INSERT INTO PRENOTAZIONE (DATA_V, ID_PRENOTAZIONE, DATA_P, CF_C)
VALUES (TO_DATE('2023-06-17 10:00:00', 'YYYY-MM-DD HH24:MI:SS'), 173, TO_DATE('2023-06-13', 'YYYY-MM-DD'), 'CRCCHR56P01G531T');

INSERT INTO PRENOTAZIONE (DATA_V, ID_PRENOTAZIONE, DATA_P, CF_C)
VALUES (TO_DATE('2023-06-17 10:30:00', 'YYYY-MM-DD HH24:MI:SS'), 174, TO_DATE('2023-06-15', 'YYYY-MM-DD'), 'LVZKEL85A01B924J');

INSERT INTO PRENOTAZIONE (DATA_V, ID_PRENOTAZIONE, DATA_P, CF_C)
VALUES (TO_DATE('2023-06-17 11:30:00', 'YYYY-MM-DD HH24:MI:SS'), 175, TO_DATE('2023-06-16', 'YYYY-MM-DD'), 'MSTRRT83C23A940B');

---TERZA SESSIONE VISITE SABATO 24/06---
INSERT INTO PRENOTAZIONE (DATA_V, ID_PRENOTAZIONE, DATA_P, CF_C)
VALUES (TO_DATE('2023-06-24 09:00:00', 'YYYY-MM-DD HH24:MI:SS'), 241, TO_DATE('2023-06-16', 'YYYY-MM-DD'), 'SNTFNC80T01G531G');

INSERT INTO PRENOTAZIONE (DATA_V, ID_PRENOTAZIONE, DATA_P, CF_C)
VALUES (TO_DATE('2023-06-24 10:00:00', 'YYYY-MM-DD HH24:MI:SS'), 242, TO_DATE('2023-06-19', 'YYYY-MM-DD'), 'QGLFBA82T11B924K');

INSERT INTO PRENOTAZIONE (DATA_V, ID_PRENOTAZIONE, DATA_P, CF_C)
VALUES (TO_DATE('2023-06-24 10:30:00', 'YYYY-MM-DD HH24:MI:SS'), 243, TO_DATE('2023-06-21', 'YYYY-MM-DD'), 'CNNPLA74T16G531I');

INSERT INTO PRENOTAZIONE (DATA_V, ID_PRENOTAZIONE, DATA_P, CF_C)
VALUES (TO_DATE('2023-06-24 11:30:00', 'YYYY-MM-DD HH24:MI:SS'), 244, TO_DATE('2023-06-20', 'YYYY-MM-DD'), 'ZZZGNN71C12G531Z');

INSERT INTO PRENOTAZIONE (DATA_V, ID_PRENOTAZIONE, DATA_P, CF_C)
VALUES (TO_DATE('2023-06-24 12:30:00', 'YYYY-MM-DD HH24:MI:SS'), 245, TO_DATE('2023-06-23', 'YYYY-MM-DD'), 'DSSNDR80R50D704J');

INSERT INTO PRENOTAZIONE (DATA_V, ID_PRENOTAZIONE, DATA_P, CF_C)
VALUES (TO_DATE('2023-06-24 13:00:00', 'YYYY-MM-DD HH24:MI:SS'), 246, TO_DATE('2023-06-22', 'YYYY-MM-DD'), 'DNTNTN77A12B924F');

---QUARTA SESSSIONE VISITE 01/07---
INSERT INTO PRENOTAZIONE (DATA_V, ID_PRENOTAZIONE, DATA_P, CF_C)
VALUES (TO_DATE('2023-07-01 09:00:00', 'YYYY-MM-DD HH24:MI:SS'), 011, TO_DATE('2023-06-26', 'YYYY-MM-DD'), 'MTMMRC74A12B944I');

INSERT INTO PRENOTAZIONE (DATA_V, ID_PRENOTAZIONE, DATA_P, CF_C)
VALUES (TO_DATE('2023-07-01 09:30:00', 'YYYY-MM-DD HH24:MI:SS'), 012, TO_DATE('2023-06-27', 'YYYY-MM-DD'), 'PRLNDR79A12B944K');

INSERT INTO PRENOTAZIONE (DATA_V, ID_PRENOTAZIONE, DATA_P, CF_C)
VALUES (TO_DATE('2023-07-01 10:00:00', 'YYYY-MM-DD HH24:MI:SS'), 013, TO_DATE('2023-06-21', 'YYYY-MM-DD'), 'TTIFRN76A12B944M');

INSERT INTO PRENOTAZIONE (DATA_V, ID_PRENOTAZIONE, DATA_P, CF_C)
VALUES (TO_DATE('2023-07-01 10:30:00', 'YYYY-MM-DD HH24:MI:SS'), 014, TO_DATE('2023-06-26', 'YYYY-MM-DD'), 'ZLGNFN65A12B944O');

INSERT INTO PRENOTAZIONE (DATA_V, ID_PRENOTAZIONE, DATA_P, CF_C)
VALUES (TO_DATE('2023-07-01 11:30:00', 'YYYY-MM-DD HH24:MI:SS'), 015, TO_DATE('2023-06-29', 'YYYY-MM-DD'), 'DLPLSN74A12B944R');

INSERT INTO PRENOTAZIONE (DATA_V, ID_PRENOTAZIONE, DATA_P, CF_C)
VALUES (TO_DATE('2023-07-01 12:00:00', 'YYYY-MM-DD HH24:MI:SS'), 016, TO_DATE('2023-06-30', 'YYYY-MM-DD'), 'GTTGNN77A12B944S');

INSERT INTO PRENOTAZIONE (DATA_V, ID_PRENOTAZIONE, DATA_P, CF_C)
VALUES (TO_DATE('2023-07-01 12:30:00', 'YYYY-MM-DD HH24:MI:SS'), 017, TO_DATE('2023-06-28', 'YYYY-MM-DD'), 'CMRMRU76A12B944L');

INSERT INTO PRENOTAZIONE (DATA_V, ID_PRENOTAZIONE, DATA_P, CF_C)
VALUES (TO_DATE('2023-07-01 13:00:00', 'YYYY-MM-DD HH24:MI:SS'), 018, TO_DATE('2023-06-27', 'YYYY-MM-DD'), 'TNILCU77A12B944W');

---QUINTA SESSIONE VIISTE 08/07---
INSERT INTO PRENOTAZIONE (DATA_V, ID_PRENOTAZIONE, DATA_P, CF_C)
VALUES (TO_DATE('2023-07-08 09:00:00', 'YYYY-MM-DD HH24:MI:SS'), 081, TO_DATE('2023-07-03', 'YYYY-MM-DD'), 'CNNNTN76A12B944T');

INSERT INTO PRENOTAZIONE (DATA_V, ID_PRENOTAZIONE, DATA_P, CF_C)
VALUES (TO_DATE('2023-07-08 10:30:00', 'YYYY-MM-DD HH24:MI:SS'), 082, TO_DATE('2023-07-03', 'YYYY-MM-DD'), 'PPESMN84A12B944G');

---POPOLAMENTO TABELLA VISITA OCULISTICA---
--DURATA VISITA ESPRESS IN MINUTI--
-- PRIMA SESSIONE VISITE 10/06--
INSERT INTO VISITA_OCULISTICA (DURATA_VISITA, ID_VISITA, NOME_MEDICO, COGNOME_MEDICO, TIPO_VISITA, ID_PRENOTAZIONE)
VALUES (30, 'C101', 'GIOVANNI', 'PRIORE', 'CONTROLLO DI ROUTINE', 101);

INSERT INTO VISITA_OCULISTICA (DURATA_VISITA, ID_VISITA, NOME_MEDICO, COGNOME_MEDICO, TIPO_VISITA, ID_PRENOTAZIONE)
VALUES (30, 'S102', 'GIOVANNI', 'PRIORE', 'SPECIALISTICA', 102);

INSERT INTO VISITA_OCULISTICA (DURATA_VISITA, ID_VISITA, NOME_MEDICO, COGNOME_MEDICO, TIPO_VISITA, ID_PRENOTAZIONE)
VALUES (30, 'P103', 'GIOVANNI', 'PRIORE', 'PEDIATRICA', 103);

INSERT INTO VISITA_OCULISTICA (DURATA_VISITA, ID_VISITA, NOME_MEDICO, COGNOME_MEDICO, TIPO_VISITA, ID_PRENOTAZIONE)
VALUES (30, 'O104', 'GIOVANNI', 'PRIORE', 'POST_OPERAZIONE', 104);

INSERT INTO VISITA_OCULISTICA (DURATA_VISITA, ID_VISITA, NOME_MEDICO, COGNOME_MEDICO, TIPO_VISITA, ID_PRENOTAZIONE)
VALUES (30, 'C105', 'GIOVANNI', 'PRIORE', 'CONTROLLO DI ROUTINE', 105);

INSERT INTO VISITA_OCULISTICA (DURATA_VISITA, ID_VISITA, NOME_MEDICO, COGNOME_MEDICO, TIPO_VISITA, ID_PRENOTAZIONE)
VALUES (30, 'S106', 'GIOVANNI', 'PRIORE', 'SPECIALISTICA', 106);

INSERT INTO VISITA_OCULISTICA (DURATA_VISITA, ID_VISITA, NOME_MEDICO, COGNOME_MEDICO, TIPO_VISITA, ID_PRENOTAZIONE)
VALUES (30, 'C107', 'GIOVANNI', 'PRIORE', 'CONTROLLO DI ROUTINE', 107);

INSERT INTO VISITA_OCULISTICA (DURATA_VISITA, ID_VISITA, NOME_MEDICO, COGNOME_MEDICO, TIPO_VISITA, ID_PRENOTAZIONE)
VALUES (30, 'C108', 'GIOVANNI', 'PRIORE', 'CONTROLLO DI ROUTINE', 108);

INSERT INTO VISITA_OCULISTICA (DURATA_VISITA, ID_VISITA, NOME_MEDICO, COGNOME_MEDICO, TIPO_VISITA, ID_PRENOTAZIONE)
VALUES (30, 'C109', 'GIOVANNI', 'PRIORE', 'CONTROLLO DI ROUTINE', 109);

-- SECONDA SESSIONE VISITE SABATO 17/06
INSERT INTO VISITA_OCULISTICA (DURATA_VISITA, ID_VISITA, NOME_MEDICO, COGNOME_MEDICO, TIPO_VISITA, ID_PRENOTAZIONE)
VALUES (30, 'C171', 'NICOLO', 'FRUSTALUPI', 'CONTROLLO DI ROUTINE', 171);

INSERT INTO VISITA_OCULISTICA (DURATA_VISITA, ID_VISITA, NOME_MEDICO, COGNOME_MEDICO, TIPO_VISITA, ID_PRENOTAZIONE)
VALUES (30, 'C172', 'NICOLO', 'FRUSTALUPI', 'CONTROLLO DI ROUTINE', 172);

INSERT INTO VISITA_OCULISTICA (DURATA_VISITA, ID_VISITA, NOME_MEDICO, COGNOME_MEDICO, TIPO_VISITA, ID_PRENOTAZIONE)
VALUES (30, 'C173', 'NICOLO', 'FRUSTALUPI', 'CONTROLLO DI ROUTINE', 173);

INSERT INTO VISITA_OCULISTICA (DURATA_VISITA, ID_VISITA, NOME_MEDICO, COGNOME_MEDICO, TIPO_VISITA, ID_PRENOTAZIONE)
VALUES (60, 'S174', 'GIOVANNI', 'PRIORE', 'SPECIALISTICA', 174);

INSERT INTO VISITA_OCULISTICA (DURATA_VISITA, ID_VISITA, NOME_MEDICO, COGNOME_MEDICO, TIPO_VISITA, ID_PRENOTAZIONE)
VALUES (30, 'C175', 'NICOLO', 'FRUSTALUPI', 'CONTROLLO DI ROUTINE', 175);

-- TERZA SESSIONE VISITE SABATO 24/06
INSERT INTO VISITA_OCULISTICA (DURATA_VISITA, ID_VISITA, NOME_MEDICO, COGNOME_MEDICO, TIPO_VISITA, ID_PRENOTAZIONE)
VALUES (60, 'C241', 'NICOLO', 'FRUSTALUPI', 'CONTROLLO DI ROUTINE', 241);

INSERT INTO VISITA_OCULISTICA (DURATA_VISITA, ID_VISITA, NOME_MEDICO, COGNOME_MEDICO, TIPO_VISITA, ID_PRENOTAZIONE)
VALUES (30, 'S242', 'GIOVANNI', 'PRIORE', 'SPECIALISTICA', 242);

INSERT INTO VISITA_OCULISTICA (DURATA_VISITA, ID_VISITA, NOME_MEDICO, COGNOME_MEDICO, TIPO_VISITA, ID_PRENOTAZIONE)
VALUES (30, 'C243', 'NICOLO', 'FRUSTALUPI', 'CONTROLLO DI ROUTINE', 243);

INSERT INTO VISITA_OCULISTICA (DURATA_VISITA, ID_VISITA, NOME_MEDICO, COGNOME_MEDICO, TIPO_VISITA, ID_PRENOTAZIONE)
VALUES (60, 'S244', 'GIOVANNI', 'PRIORE', 'SPECIALISTICA', 244);

INSERT INTO VISITA_OCULISTICA (DURATA_VISITA, ID_VISITA, NOME_MEDICO, COGNOME_MEDICO, TIPO_VISITA, ID_PRENOTAZIONE)
VALUES (30, 'C245', 'NICOLO', 'FRUSTALUPI', 'CONTROLLO DI ROUTINE', 245);

-- QUARTA SESSIONE VISITE SABATO 01/07--
INSERT INTO VISITA_OCULISTICA (DURATA_VISITA, ID_VISITA, NOME_MEDICO, COGNOME_MEDICO, TIPO_VISITA, ID_PRENOTAZIONE)
VALUES (60, 'C011', 'NICOLO', 'FRUSTALUPI', 'CONTROLLO DI ROUTINE', 011);

INSERT INTO VISITA_OCULISTICA (DURATA_VISITA, ID_VISITA, NOME_MEDICO, COGNOME_MEDICO, TIPO_VISITA, ID_PRENOTAZIONE)
VALUES (30, 'C012', 'GIOVANNI', 'PRIORE', 'CONTROLLO DI ROUTINE', 012);

INSERT INTO VISITA_OCULISTICA (DURATA_VISITA, ID_VISITA, NOME_MEDICO, COGNOME_MEDICO, TIPO_VISITA, ID_PRENOTAZIONE)
VALUES (30, 'C013', 'NICOLO', 'FRUSTALUPI', 'CONTROLLO DI ROUTINE', 013);

INSERT INTO VISITA_OCULISTICA (DURATA_VISITA, ID_VISITA, NOME_MEDICO, COGNOME_MEDICO, TIPO_VISITA, ID_PRENOTAZIONE)
VALUES (30, 'S014', 'GIOVANNI', 'PRIORE', 'SPECIALISTICA', 014);

INSERT INTO VISITA_OCULISTICA (DURATA_VISITA, ID_VISITA, NOME_MEDICO, COGNOME_MEDICO, TIPO_VISITA, ID_PRENOTAZIONE)
VALUES (90, 'S015', 'MACRELLO', 'LIPPI', 'SPECIALISTICA', 015);

INSERT INTO VISITA_OCULISTICA (DURATA_VISITA, ID_VISITA, NOME_MEDICO, COGNOME_MEDICO, TIPO_VISITA, ID_PRENOTAZIONE)
VALUES (60, 'C016', 'NICOLO', 'FRUSTALUPI', 'CONTROLLO DI ROUTINE', 016);

INSERT INTO VISITA_OCULISTICA (DURATA_VISITA, ID_VISITA, NOME_MEDICO, COGNOME_MEDICO, TIPO_VISITA, ID_PRENOTAZIONE)
VALUES (30, 'C017', 'GIOVANNI', 'PRIORE', 'CONTROLLO DI ROUTINE', 017);

INSERT INTO VISITA_OCULISTICA (DURATA_VISITA, ID_VISITA, NOME_MEDICO, COGNOME_MEDICO, TIPO_VISITA, ID_PRENOTAZIONE)
VALUES (30, 'C018', 'NICOLO', 'FRUSTALUPI', 'CONTROLLO DI ROUTINE', 018);

--QUINTA SESSIONE VISITE SABATO 08/07--
INSERT INTO VISITA_OCULISTICA (DURATA_VISITA, ID_VISITA, NOME_MEDICO, COGNOME_MEDICO, TIPO_VISITA, ID_PRENOTAZIONE)
VALUES (90, 'P081', 'GIOVANNI', 'PRIORE', 'PEDIATRICA', 081);

INSERT INTO VISITA_OCULISTICA (DURATA_VISITA, ID_VISITA, NOME_MEDICO, COGNOME_MEDICO, TIPO_VISITA, ID_PRENOTAZIONE)
VALUES (30, 'C082', 'NICOLO', 'FRUSTALUPI', 'CONTROLLO DI ROUTINE', 082);

---POPOLAMENTO TABLLE PRESCRIZIONE---
--DURATA PRESCRIZIONE ESPRESSA IN MESI--
INSERT INTO PRESCRIZIONE (NUM_PRESCRIZIONE, ID_VISITA, ASSE_SX, ASSE_DX, SFERO_SX, SFERO_DX, CILINDRO_SX, CILINDRO_DX, DURATA_PRESCRIZIONE)
VALUES (1, 'C101', 150, 155, -1.75, -1.5, -1.50, 1.25,12);

INSERT INTO PRESCRIZIONE (NUM_PRESCRIZIONE, ID_VISITA, ASSE_SX, ASSE_DX, SFERO_SX, SFERO_DX, CILINDRO_SX, CILINDRO_DX, DURATA_PRESCRIZIONE)
VALUES (2, 'S102', 175, 175, -1.75, -1.5,0.50 ,0.75 , 6);

INSERT INTO PRESCRIZIONE (NUM_PRESCRIZIONE, ID_VISITA, ASSE_SX, ASSE_DX, SFERO_SX, SFERO_DX, CILINDRO_SX, CILINDRO_DX, DURATA_PRESCRIZIONE)
VALUES (3, 'P103', 0, 0, -1.75, -1.75, 0, 0, 12);

INSERT INTO PRESCRIZIONE (NUM_PRESCRIZIONE, ID_VISITA, ASSE_SX, ASSE_DX, SFERO_SX, SFERO_DX, CILINDRO_SX, CILINDRO_DX, DURATA_PRESCRIZIONE)
VALUES (4, 'O104',140 ,140 , +0.25, +0.25, +0.25, +0.25, 12);

INSERT INTO PRESCRIZIONE (NUM_PRESCRIZIONE, ID_VISITA, ASSE_SX, ASSE_DX, SFERO_SX, SFERO_DX, CILINDRO_SX, CILINDRO_DX, DURATA_PRESCRIZIONE)
VALUES (5, 'C105',180 ,180 , +2.25, +1.25, +3.25, +3.25, 6);

INSERT INTO PRESCRIZIONE (NUM_PRESCRIZIONE, ID_VISITA, ASSE_SX, ASSE_DX, SFERO_SX, SFERO_DX, CILINDRO_SX, CILINDRO_DX, DURATA_PRESCRIZIONE)
VALUES (6, 'S106',0 ,0 , 0, 0, 0, 0, 24);

INSERT INTO PRESCRIZIONE (NUM_PRESCRIZIONE, ID_VISITA, ASSE_SX, ASSE_DX, SFERO_SX, SFERO_DX, CILINDRO_SX, CILINDRO_DX, DURATA_PRESCRIZIONE)
VALUES (7, 'C107',80 ,80 , -3.75, +3.75, -2.00, -2.25, 12);

INSERT INTO PRESCRIZIONE (NUM_PRESCRIZIONE, ID_VISITA, ASSE_SX, ASSE_DX, SFERO_SX, SFERO_DX, CILINDRO_SX, CILINDRO_DX, DURATA_PRESCRIZIONE)
VALUES (8, 'C108',140 ,140 , +1.25, +1.25, +0.25, +0.25, 12);

INSERT INTO PRESCRIZIONE (NUM_PRESCRIZIONE, ID_VISITA, ASSE_SX, ASSE_DX, SFERO_SX, SFERO_DX, CILINDRO_SX, CILINDRO_DX, DURATA_PRESCRIZIONE)
VALUES (9, 'C109',0 ,0 , -0.25, -0.25, 0, 0, 6);

INSERT INTO PRESCRIZIONE (NUM_PRESCRIZIONE, ID_VISITA, ASSE_SX, ASSE_DX, SFERO_SX, SFERO_DX, CILINDRO_SX, CILINDRO_DX, DURATA_PRESCRIZIONE)
VALUES (10, 'C171',130 ,130 , -6.25, -6.25,-4.75, -4.75, 6);

INSERT INTO PRESCRIZIONE (NUM_PRESCRIZIONE, ID_VISITA, ASSE_SX, ASSE_DX, SFERO_SX, SFERO_DX, CILINDRO_SX, CILINDRO_DX, DURATA_PRESCRIZIONE)
VALUES (11, 'C172',90 ,90 , -12, -12, -9, -9, 12);

INSERT INTO PRESCRIZIONE (NUM_PRESCRIZIONE, ID_VISITA, ASSE_SX, ASSE_DX, SFERO_SX, SFERO_DX, CILINDRO_SX, CILINDRO_DX, DURATA_PRESCRIZIONE)
VALUES (12, 'C173',180 ,180 , -6.25, -6.25, -0.25, -0.25, 6);

INSERT INTO PRESCRIZIONE (NUM_PRESCRIZIONE, ID_VISITA, ASSE_SX, ASSE_DX, SFERO_SX, SFERO_DX, CILINDRO_SX, CILINDRO_DX, DURATA_PRESCRIZIONE)
VALUES (13, 'S174',0 ,0 , +1.75, +1.75, 0, 0, 12);

INSERT INTO PRESCRIZIONE (NUM_PRESCRIZIONE, ID_VISITA, ASSE_SX, ASSE_DX, SFERO_SX, SFERO_DX, CILINDRO_SX, CILINDRO_DX, DURATA_PRESCRIZIONE)
VALUES (14, 'C175',170 ,175 , -0.25, -0.25, -2.25, -2.50, 6);

INSERT INTO PRESCRIZIONE (NUM_PRESCRIZIONE, ID_VISITA, ASSE_SX, ASSE_DX, SFERO_SX, SFERO_DX, CILINDRO_SX, CILINDRO_DX, DURATA_PRESCRIZIONE)
VALUES (15, 'C241',0 ,0 , -3.25, -3.25, 0, 0, 6);

INSERT INTO PRESCRIZIONE (NUM_PRESCRIZIONE, ID_VISITA, ASSE_SX, ASSE_DX, SFERO_SX, SFERO_DX, CILINDRO_SX, CILINDRO_DX, DURATA_PRESCRIZIONE)
VALUES (16, 'S242',120 ,130 , +2.25, +0.25, +2, +1.75, 24);

INSERT INTO PRESCRIZIONE (NUM_PRESCRIZIONE, ID_VISITA, ASSE_SX, ASSE_DX, SFERO_SX, SFERO_DX, CILINDRO_SX, CILINDRO_DX, DURATA_PRESCRIZIONE)
VALUES (17, 'C243',180 ,180 , +7.25, +7.25, +0.50, +1, 12);

INSERT INTO PRESCRIZIONE (NUM_PRESCRIZIONE, ID_VISITA, ASSE_SX, ASSE_DX, SFERO_SX, SFERO_DX, CILINDRO_SX, CILINDRO_DX, DURATA_PRESCRIZIONE)
VALUES (18, 'S244',0 ,0 , 0, 0, 0, 0, 36);

INSERT INTO PRESCRIZIONE (NUM_PRESCRIZIONE, ID_VISITA, ASSE_SX, ASSE_DX, SFERO_SX, SFERO_DX, CILINDRO_SX, CILINDRO_DX, DURATA_PRESCRIZIONE)
VALUES (19, 'C245',0 ,0 , -12.25, -12.25, 0, 0, 3);

INSERT INTO PRESCRIZIONE (NUM_PRESCRIZIONE, ID_VISITA, ASSE_SX, ASSE_DX, SFERO_SX, SFERO_DX, CILINDRO_SX, CILINDRO_DX, DURATA_PRESCRIZIONE)
VALUES (20, 'C011',140 ,140 , +2.25, +2.25, 3, 3, 6);

INSERT INTO PRESCRIZIONE (NUM_PRESCRIZIONE, ID_VISITA, ASSE_SX, ASSE_DX, SFERO_SX, SFERO_DX, CILINDRO_SX, CILINDRO_DX, DURATA_PRESCRIZIONE)
VALUES (21, 'C012',40 ,40 , +1, +1, 1, 1, 12);

INSERT INTO PRESCRIZIONE (NUM_PRESCRIZIONE, ID_VISITA, ASSE_SX, ASSE_DX, SFERO_SX, SFERO_DX, CILINDRO_SX, CILINDRO_DX, DURATA_PRESCRIZIONE)
VALUES (22, 'C013',130 ,130 , -0.25, -0.25, -2, -2, 12);

INSERT INTO PRESCRIZIONE (NUM_PRESCRIZIONE, ID_VISITA, ASSE_SX, ASSE_DX, SFERO_SX, SFERO_DX, CILINDRO_SX, CILINDRO_DX, DURATA_PRESCRIZIONE)
VALUES (23, 'S014',0 ,0 , -9, -8.75, 0, 0, 5);

INSERT INTO PRESCRIZIONE (NUM_PRESCRIZIONE, ID_VISITA, ASSE_SX, ASSE_DX, SFERO_SX, SFERO_DX, CILINDRO_SX, CILINDRO_DX, DURATA_PRESCRIZIONE)
VALUES (24, 'S015',110 ,120 , -3.50, -3.25, -2.00, -2.50, 12);

INSERT INTO PRESCRIZIONE (NUM_PRESCRIZIONE, ID_VISITA, ASSE_SX, ASSE_DX, SFERO_SX, SFERO_DX, CILINDRO_SX, CILINDRO_DX, DURATA_PRESCRIZIONE)
VALUES (25, 'C016',170 ,170 , +1.50, +1.75, 0, 0, 24);

INSERT INTO PRESCRIZIONE (NUM_PRESCRIZIONE, ID_VISITA, ASSE_SX, ASSE_DX, SFERO_SX, SFERO_DX, CILINDRO_SX, CILINDRO_DX, DURATA_PRESCRIZIONE)
VALUES (26, 'C017',0 ,0 , -3.75, -4, 0, 0, 12);

INSERT INTO PRESCRIZIONE (NUM_PRESCRIZIONE, ID_VISITA, ASSE_SX, ASSE_DX, SFERO_SX, SFERO_DX, CILINDRO_SX, CILINDRO_DX, DURATA_PRESCRIZIONE)
VALUES (27, 'C018',0 ,0 , -2.25, -2.25, 0, 0, 6);

INSERT INTO PRESCRIZIONE (NUM_PRESCRIZIONE, ID_VISITA, ASSE_SX, ASSE_DX, SFERO_SX, SFERO_DX, CILINDRO_SX, CILINDRO_DX, DURATA_PRESCRIZIONE)
VALUES (28, 'P081',140 ,145 , -7.5, -8, -6.0, -6.50, 6);

INSERT INTO PRESCRIZIONE (NUM_PRESCRIZIONE, ID_VISITA, ASSE_SX, ASSE_DX, SFERO_SX, SFERO_DX, CILINDRO_SX, CILINDRO_DX, DURATA_PRESCRIZIONE)
VALUES (29, 'C082',0 ,0 , -0.25, -0.25, 0, 0, 6);

---POPOLAMENTO TABELLA CONDIZIONE VISIVA---

INSERT INTO CONDIZIONE_VISIVA (CONDIZIONE, NUM_PRESCRIZIONE)
VALUES ('MIOPIA', 1);

INSERT INTO CONDIZIONE_VISIVA (CONDIZIONE, NUM_PRESCRIZIONE)
VALUES ('MIOPIA', 2);

INSERT INTO CONDIZIONE_VISIVA (CONDIZIONE, NUM_PRESCRIZIONE)
VALUES ('MIOPIA', 3);

INSERT INTO CONDIZIONE_VISIVA (CONDIZIONE, NUM_PRESCRIZIONE)
VALUES ('MIOPIA', 7);

INSERT INTO CONDIZIONE_VISIVA (CONDIZIONE, NUM_PRESCRIZIONE)
VALUES ('MIOPIA', 9);

INSERT INTO CONDIZIONE_VISIVA (CONDIZIONE, NUM_PRESCRIZIONE)
VALUES ('MIOPIA', 10);

INSERT INTO CONDIZIONE_VISIVA (CONDIZIONE, NUM_PRESCRIZIONE)
VALUES ('MIOPIA', 11);

INSERT INTO CONDIZIONE_VISIVA (CONDIZIONE, NUM_PRESCRIZIONE)
VALUES ('MIOPIA', 12);

INSERT INTO CONDIZIONE_VISIVA (CONDIZIONE, NUM_PRESCRIZIONE)
VALUES ('MIOPIA', 14);

INSERT INTO CONDIZIONE_VISIVA (CONDIZIONE, NUM_PRESCRIZIONE)
VALUES ('MIOPIA', 15);

INSERT INTO CONDIZIONE_VISIVA (CONDIZIONE, NUM_PRESCRIZIONE)
VALUES ('MIOPIA', 19);

INSERT INTO CONDIZIONE_VISIVA (CONDIZIONE, NUM_PRESCRIZIONE)
VALUES ('MIOPIA', 22);

INSERT INTO CONDIZIONE_VISIVA (CONDIZIONE, NUM_PRESCRIZIONE)
VALUES ('MIOPIA', 23);

INSERT INTO CONDIZIONE_VISIVA (CONDIZIONE, NUM_PRESCRIZIONE)
VALUES ('MIOPIA', 24);

INSERT INTO CONDIZIONE_VISIVA (CONDIZIONE, NUM_PRESCRIZIONE)
VALUES ('MIOPIA', 26);

INSERT INTO CONDIZIONE_VISIVA (CONDIZIONE, NUM_PRESCRIZIONE)
VALUES ('MIOPIA', 27);

INSERT INTO CONDIZIONE_VISIVA (CONDIZIONE, NUM_PRESCRIZIONE)
VALUES ('MIOPIA', 28);

INSERT INTO CONDIZIONE_VISIVA (CONDIZIONE, NUM_PRESCRIZIONE)
VALUES ('MIOPIA', 29);

INSERT INTO CONDIZIONE_VISIVA (CONDIZIONE, NUM_PRESCRIZIONE)
VALUES ('IPERMETROPIA', 4);

INSERT INTO CONDIZIONE_VISIVA (CONDIZIONE, NUM_PRESCRIZIONE)
VALUES ('IPERMETROPIA', 5);

INSERT INTO CONDIZIONE_VISIVA (CONDIZIONE, NUM_PRESCRIZIONE)
VALUES ('IPERMETROPIA', 8);

INSERT INTO CONDIZIONE_VISIVA (CONDIZIONE, NUM_PRESCRIZIONE)
VALUES ('IPERMETROPIA', 13);

INSERT INTO CONDIZIONE_VISIVA (CONDIZIONE, NUM_PRESCRIZIONE)
VALUES ('IPERMETROPIA', 16);

INSERT INTO CONDIZIONE_VISIVA (CONDIZIONE, NUM_PRESCRIZIONE)
VALUES ('IPERMETROPIA', 17);

INSERT INTO CONDIZIONE_VISIVA (CONDIZIONE, NUM_PRESCRIZIONE)
VALUES ('IPERMETROPIA', 20);

INSERT INTO CONDIZIONE_VISIVA (CONDIZIONE, NUM_PRESCRIZIONE)
VALUES ('IPERMETROPIA', 21);

INSERT INTO CONDIZIONE_VISIVA (CONDIZIONE, NUM_PRESCRIZIONE)
VALUES ('IPERMETROPIA', 25);

INSERT INTO CONDIZIONE_VISIVA (CONDIZIONE, NUM_PRESCRIZIONE)
VALUES ('PRESBIOPIA', 1);

INSERT INTO CONDIZIONE_VISIVA (CONDIZIONE, NUM_PRESCRIZIONE)
VALUES ('GLAUCOMA', 2);

INSERT INTO CONDIZIONE_VISIVA (CONDIZIONE, NUM_PRESCRIZIONE)
VALUES ('ASTIGMATISMO', 1);

INSERT INTO CONDIZIONE_VISIVA (CONDIZIONE, NUM_PRESCRIZIONE)
VALUES ('ASTIGMATISMO', 2);

INSERT INTO CONDIZIONE_VISIVA (CONDIZIONE, NUM_PRESCRIZIONE)
VALUES ('ASTIGMATISMO', 4);

INSERT INTO CONDIZIONE_VISIVA (CONDIZIONE, NUM_PRESCRIZIONE)
VALUES ('ASTIGMATISMO', 5);

INSERT INTO CONDIZIONE_VISIVA (CONDIZIONE, NUM_PRESCRIZIONE)
VALUES ('ASTIGMATISMO', 7);

INSERT INTO CONDIZIONE_VISIVA (CONDIZIONE, NUM_PRESCRIZIONE)
VALUES ('ASTIGMATISMO', 8);

INSERT INTO CONDIZIONE_VISIVA (CONDIZIONE, NUM_PRESCRIZIONE)
VALUES ('ASTIGMATISMO', 10);

INSERT INTO CONDIZIONE_VISIVA (CONDIZIONE, NUM_PRESCRIZIONE)
VALUES ('ASTIGMATISMO', 11);

INSERT INTO CONDIZIONE_VISIVA (CONDIZIONE, NUM_PRESCRIZIONE)
VALUES ('ASTIGMATISMO', 12);

INSERT INTO CONDIZIONE_VISIVA (CONDIZIONE, NUM_PRESCRIZIONE)
VALUES ('ASTIGMATISMO', 13);

INSERT INTO CONDIZIONE_VISIVA (CONDIZIONE, NUM_PRESCRIZIONE)
VALUES ('ASTIGMATISMO', 14);

INSERT INTO CONDIZIONE_VISIVA (CONDIZIONE, NUM_PRESCRIZIONE)
VALUES ('ASTIGMATISMO', 16);

INSERT INTO CONDIZIONE_VISIVA (CONDIZIONE, NUM_PRESCRIZIONE)
VALUES ('ASTIGMATISMO', 17);

INSERT INTO CONDIZIONE_VISIVA (CONDIZIONE, NUM_PRESCRIZIONE)
VALUES ('ASTIGMATISMO', 19);

INSERT INTO CONDIZIONE_VISIVA (CONDIZIONE, NUM_PRESCRIZIONE)
VALUES ('ASTIGMATISMO', 20);

INSERT INTO CONDIZIONE_VISIVA (CONDIZIONE, NUM_PRESCRIZIONE)
VALUES ('ASTIGMATISMO', 21);

INSERT INTO CONDIZIONE_VISIVA (CONDIZIONE, NUM_PRESCRIZIONE)
VALUES ('ASTIGMATISMO', 22);

INSERT INTO CONDIZIONE_VISIVA (CONDIZIONE, NUM_PRESCRIZIONE)
VALUES ('ASTIGMATISMO', 24);

INSERT INTO CONDIZIONE_VISIVA (CONDIZIONE, NUM_PRESCRIZIONE)
VALUES ('ASTIGMATISMO', 25);

INSERT INTO CONDIZIONE_VISIVA (CONDIZIONE, NUM_PRESCRIZIONE)
VALUES ('ASTIGMATISMO', 28);

INSERT INTO CONDIZIONE_VISIVA (CONDIZIONE, NUM_PRESCRIZIONE)
VALUES ('CATARATTA', 11);

INSERT INTO CONDIZIONE_VISIVA (CONDIZIONE, NUM_PRESCRIZIONE)
VALUES ('CATARATTA', 19);

---POPOLAMENTO TABELLA LENTE FINITA---
INSERT INTO LENTE_FINITA (PREZZO, N_LENTE, NUMERO_FATTURA_FORNITURA, N_FATTURA_ORDINE, NUM_PRESCRIZIONE)
VALUES (100, 101, 'HYA-010', 'OTTI-0001',1);

INSERT INTO LENTE_FINITA (PREZZO, N_LENTE, NUMERO_FATTURA_FORNITURA, N_FATTURA_ORDINE, NUM_PRESCRIZIONE)
VALUES (100, 102, 'HYA-010', 'OTTI-0001',1);

INSERT INTO LENTE_FINITA (PREZZO, N_LENTE, NUMERO_FATTURA_FORNITURA, N_FATTURA_ORDINE, NUM_PRESCRIZIONE)
VALUES (100, 103, 'HYA-010', 'OTTI-0002',2);

INSERT INTO LENTE_FINITA (PREZZO, N_LENTE, NUMERO_FATTURA_FORNITURA, N_FATTURA_ORDINE, NUM_PRESCRIZIONE)
VALUES (100, 104, 'HYA-010', 'OTTI-0002',2);

INSERT INTO LENTE_FINITA (PREZZO, N_LENTE, NUMERO_FATTURA_FORNITURA, N_FATTURA_ORDINE, NUM_PRESCRIZIONE)
VALUES (100, 105, 'HYA-010', 'OTTI-0003',3);

INSERT INTO LENTE_FINITA (PREZZO, N_LENTE, NUMERO_FATTURA_FORNITURA, N_FATTURA_ORDINE, NUM_PRESCRIZIONE)
VALUES (100, 106, 'HYA-010', 'OTTI-0003',3);

INSERT INTO LENTE_FINITA (PREZZO, N_LENTE, NUMERO_FATTURA_FORNITURA, N_FATTURA_ORDINE, NUM_PRESCRIZIONE)
VALUES (120, 111, 'ZIS-011', 'OTTI-0003',3);

INSERT INTO LENTE_FINITA (PREZZO, N_LENTE, NUMERO_FATTURA_FORNITURA, N_FATTURA_ORDINE, NUM_PRESCRIZIONE)
VALUES (120, 112, 'ZIS-011', 'OTTI-0003',3);

INSERT INTO LENTE_FINITA (PREZZO, N_LENTE, NUMERO_FATTURA_FORNITURA, N_FATTURA_ORDINE, NUM_PRESCRIZIONE)
VALUES (109, 121, 'ESS-012', 'OTTI-0003',3);

INSERT INTO LENTE_FINITA (PREZZO, N_LENTE, NUMERO_FATTURA_FORNITURA, N_FATTURA_ORDINE, NUM_PRESCRIZIONE)
VALUES (109, 122, 'ESS-012', 'OTTI-0003',3);

INSERT INTO LENTE_FINITA (PREZZO, N_LENTE, NUMERO_FATTURA_FORNITURA, N_FATTURA_ORDINE, NUM_PRESCRIZIONE)
VALUES (109, 123, 'ESS-012', 'OTTI-0004',4);

INSERT INTO LENTE_FINITA (PREZZO, N_LENTE, NUMERO_FATTURA_FORNITURA, N_FATTURA_ORDINE, NUM_PRESCRIZIONE)
VALUES (109, 124, 'ESS-012', 'OTTI-0004',4);

INSERT INTO LENTE_FINITA (PREZZO, N_LENTE, NUMERO_FATTURA_FORNITURA, N_FATTURA_ORDINE, NUM_PRESCRIZIONE)
VALUES (80, 131, 'RDK-013', 'OTTI-0005',5);

INSERT INTO LENTE_FINITA (PREZZO, N_LENTE, NUMERO_FATTURA_FORNITURA, N_FATTURA_ORDINE, NUM_PRESCRIZIONE)
VALUES (80, 132, 'RDK-013', 'OTTI-0005',5);

INSERT INTO LENTE_FINITA (PREZZO, N_LENTE, NUMERO_FATTURA_FORNITURA, N_FATTURA_ORDINE, NUM_PRESCRIZIONE)
VALUES (80, 133, 'RDK-013', 'OTTI-0005',5);

INSERT INTO LENTE_FINITA (PREZZO, N_LENTE, NUMERO_FATTURA_FORNITURA, N_FATTURA_ORDINE, NUM_PRESCRIZIONE)
VALUES (80, 134, 'RDK-013', 'OTTI-0005',5);

INSERT INTO LENTE_FINITA (PREZZO, N_LENTE, NUMERO_FATTURA_FORNITURA, N_FATTURA_ORDINE, NUM_PRESCRIZIONE)
VALUES (80, 135, 'RDK-013', 'OTTI-0006',6);

INSERT INTO LENTE_FINITA (PREZZO, N_LENTE, NUMERO_FATTURA_FORNITURA, N_FATTURA_ORDINE, NUM_PRESCRIZIONE)
VALUES (80, 136, 'RDK-013', 'OTTI-0006',6);

INSERT INTO LENTE_FINITA (PREZZO, N_LENTE, NUMERO_FATTURA_FORNITURA, N_FATTURA_ORDINE, NUM_PRESCRIZIONE)
VALUES (70, 141, 'OPT-014', 'OTTI-0006',6);

INSERT INTO LENTE_FINITA (PREZZO, N_LENTE, NUMERO_FATTURA_FORNITURA, N_FATTURA_ORDINE, NUM_PRESCRIZIONE)
VALUES (70, 142, 'OPT-014', 'OTTI-0006',6);

INSERT INTO LENTE_FINITA (PREZZO, N_LENTE, NUMERO_FATTURA_FORNITURA, N_FATTURA_ORDINE, NUM_PRESCRIZIONE)
VALUES (180, 311, 'ESS-013', 'OTTI-0006',6);

INSERT INTO LENTE_FINITA (PREZZO, N_LENTE, NUMERO_FATTURA_FORNITURA, N_FATTURA_ORDINE, NUM_PRESCRIZIONE)
VALUES (180, 312, 'ESS-013', 'OTTI-0006',6);

INSERT INTO LENTE_FINITA (PREZZO, N_LENTE, NUMERO_FATTURA_FORNITURA, N_FATTURA_ORDINE, NUM_PRESCRIZIONE)
VALUES (180, 313, 'ESS-013', 'OTTI-0007',7);

INSERT INTO LENTE_FINITA (PREZZO, N_LENTE, NUMERO_FATTURA_FORNITURA, N_FATTURA_ORDINE, NUM_PRESCRIZIONE)
VALUES (180, 314, 'ESS-013', 'OTTI-0007',7);

INSERT INTO LENTE_FINITA (PREZZO, N_LENTE, NUMERO_FATTURA_FORNITURA, N_FATTURA_ORDINE, NUM_PRESCRIZIONE)
VALUES (180, 315, 'ESS-013', 'OTTI-0007',7);

INSERT INTO LENTE_FINITA (PREZZO, N_LENTE, NUMERO_FATTURA_FORNITURA, N_FATTURA_ORDINE, NUM_PRESCRIZIONE)
VALUES (180, 316, 'ESS-013', 'OTTI-0007',7);

INSERT INTO LENTE_FINITA (PREZZO, N_LENTE, NUMERO_FATTURA_FORNITURA, N_FATTURA_ORDINE, NUM_PRESCRIZIONE)
VALUES (180, 317, 'ESS-013', 'OTTI-0008',8);

INSERT INTO LENTE_FINITA (PREZZO, N_LENTE, NUMERO_FATTURA_FORNITURA, N_FATTURA_ORDINE, NUM_PRESCRIZIONE)
VALUES (180, 318, 'ESS-013', 'OTTI-0008',8);

INSERT INTO LENTE_FINITA (PREZZO, N_LENTE, NUMERO_FATTURA_FORNITURA, N_FATTURA_ORDINE, NUM_PRESCRIZIONE)
VALUES (180, 319, 'ESS-013', 'OTTI-0009',9);

INSERT INTO LENTE_FINITA (PREZZO, N_LENTE, NUMERO_FATTURA_FORNITURA, N_FATTURA_ORDINE, NUM_PRESCRIZIONE)
VALUES (180, 320, 'ESS-013', 'OTTI-0009',9);

INSERT INTO LENTE_FINITA (PREZZO, N_LENTE, NUMERO_FATTURA_FORNITURA, N_FATTURA_ORDINE, NUM_PRESCRIZIONE)
VALUES (180, 321, 'ESS-013', 'OTTI-0009',9);

INSERT INTO LENTE_FINITA (PREZZO, N_LENTE, NUMERO_FATTURA_FORNITURA, N_FATTURA_ORDINE, NUM_PRESCRIZIONE)
VALUES (180, 322, 'ESS-013', 'OTTI-0009',9);

INSERT INTO LENTE_FINITA (PREZZO, N_LENTE, NUMERO_FATTURA_FORNITURA, N_FATTURA_ORDINE, NUM_PRESCRIZIONE)
VALUES (180, 323, 'ESS-013', 'OTTI-0010',10);

INSERT INTO LENTE_FINITA (PREZZO, N_LENTE, NUMERO_FATTURA_FORNITURA, N_FATTURA_ORDINE, NUM_PRESCRIZIONE)
VALUES (180, 324, 'ESS-013', 'OTTI-0010',10);

INSERT INTO LENTE_FINITA (PREZZO, N_LENTE, NUMERO_FATTURA_FORNITURA, N_FATTURA_ORDINE, NUM_PRESCRIZIONE)
VALUES (180, 325, 'ESS-013', 'OTTI-0010',10);

INSERT INTO LENTE_FINITA (PREZZO, N_LENTE, NUMERO_FATTURA_FORNITURA, N_FATTURA_ORDINE, NUM_PRESCRIZIONE)
VALUES (180, 326, 'ESS-013', 'OTTI-0010',10);

INSERT INTO LENTE_FINITA (PREZZO, N_LENTE, NUMERO_FATTURA_FORNITURA, N_FATTURA_ORDINE, NUM_PRESCRIZIONE)
VALUES (180, 327, 'ESS-013', 'OTTI-0011',11);

INSERT INTO LENTE_FINITA (PREZZO, N_LENTE, NUMERO_FATTURA_FORNITURA, N_FATTURA_ORDINE, NUM_PRESCRIZIONE)
VALUES (180, 328, 'ESS-013', 'OTTI-0011',11);

INSERT INTO LENTE_FINITA (PREZZO, N_LENTE, NUMERO_FATTURA_FORNITURA, N_FATTURA_ORDINE, NUM_PRESCRIZIONE)
VALUES (180, 329, 'ESS-013', 'OTTI-0013',13);

INSERT INTO LENTE_FINITA (PREZZO, N_LENTE, NUMERO_FATTURA_FORNITURA, N_FATTURA_ORDINE, NUM_PRESCRIZIONE)
VALUES (180, 330, 'ESS-013', 'OTTI-0013',13);

INSERT INTO LENTE_FINITA (PREZZO, N_LENTE, NUMERO_FATTURA_FORNITURA, N_FATTURA_ORDINE, NUM_PRESCRIZIONE)
VALUES (160, 211, 'ZIS-012', 'OTTI-0014',14);

INSERT INTO LENTE_FINITA (PREZZO, N_LENTE, NUMERO_FATTURA_FORNITURA, N_FATTURA_ORDINE, NUM_PRESCRIZIONE)
VALUES (160, 212, 'ZIS-012', 'OTTI-0014',14);

INSERT INTO LENTE_FINITA (PREZZO, N_LENTE, NUMERO_FATTURA_FORNITURA, N_FATTURA_ORDINE, NUM_PRESCRIZIONE)
VALUES (160, 213, 'ZIS-012', 'OTTI-0014',14);

INSERT INTO LENTE_FINITA (PREZZO, N_LENTE, NUMERO_FATTURA_FORNITURA, N_FATTURA_ORDINE, NUM_PRESCRIZIONE)
VALUES (160, 214, 'ZIS-012', 'OTTI-0014',14);

INSERT INTO LENTE_FINITA (PREZZO, N_LENTE, NUMERO_FATTURA_FORNITURA, N_FATTURA_ORDINE, NUM_PRESCRIZIONE)
VALUES (160, 215, 'ZIS-012', 'OTTI-0015',15);

INSERT INTO LENTE_FINITA (PREZZO, N_LENTE, NUMERO_FATTURA_FORNITURA, N_FATTURA_ORDINE, NUM_PRESCRIZIONE)
VALUES (160, 216, 'ZIS-012', 'OTTI-0015',15);

INSERT INTO LENTE_FINITA (PREZZO, N_LENTE, NUMERO_FATTURA_FORNITURA, N_FATTURA_ORDINE, NUM_PRESCRIZIONE)
VALUES (160, 217, 'ZIS-012', 'OTTI-0015',15);

INSERT INTO LENTE_FINITA (PREZZO, N_LENTE, NUMERO_FATTURA_FORNITURA, N_FATTURA_ORDINE, NUM_PRESCRIZIONE)
VALUES (160, 218, 'ZIS-012', 'OTTI-0015',15);

INSERT INTO LENTE_FINITA (PREZZO, N_LENTE, NUMERO_FATTURA_FORNITURA, N_FATTURA_ORDINE, NUM_PRESCRIZIONE)
VALUES (160, 219, 'ZIS-012', 'OTTI-0016',16);

INSERT INTO LENTE_FINITA (PREZZO, N_LENTE, NUMERO_FATTURA_FORNITURA, N_FATTURA_ORDINE, NUM_PRESCRIZIONE)
VALUES (160, 220, 'ZIS-012', 'OTTI-0016',16);

INSERT INTO LENTE_FINITA (PREZZO, N_LENTE, NUMERO_FATTURA_FORNITURA, N_FATTURA_ORDINE, NUM_PRESCRIZIONE)
VALUES (160, 221, 'ZIS-012', 'OTTI-0017',17);

INSERT INTO LENTE_FINITA (PREZZO, N_LENTE, NUMERO_FATTURA_FORNITURA, N_FATTURA_ORDINE, NUM_PRESCRIZIONE)
VALUES (160, 222, 'ZIS-012', 'OTTI-0017',17);

INSERT INTO LENTE_FINITA (PREZZO, N_LENTE, NUMERO_FATTURA_FORNITURA, N_FATTURA_ORDINE, NUM_PRESCRIZIONE)
VALUES (150, 161, 'ESS-016', 'OTTI-0018',18);

INSERT INTO LENTE_FINITA (PREZZO, N_LENTE, NUMERO_FATTURA_FORNITURA, N_FATTURA_ORDINE, NUM_PRESCRIZIONE)
VALUES (150, 162, 'ESS-016', 'OTTI-0018',18);

INSERT INTO LENTE_FINITA (PREZZO, N_LENTE, NUMERO_FATTURA_FORNITURA, N_FATTURA_ORDINE, NUM_PRESCRIZIONE)
VALUES (150, 163, 'ESS-016', 'OTTI-0019',19);

INSERT INTO LENTE_FINITA (PREZZO, N_LENTE, NUMERO_FATTURA_FORNITURA, N_FATTURA_ORDINE, NUM_PRESCRIZIONE)
VALUES (150, 164, 'ESS-016', 'OTTI-0019',19);

INSERT INTO LENTE_FINITA (PREZZO, N_LENTE, NUMERO_FATTURA_FORNITURA, N_FATTURA_ORDINE, NUM_PRESCRIZIONE)
VALUES (150, 165, 'ESS-016', 'OTTI-0020',20);

INSERT INTO LENTE_FINITA (PREZZO, N_LENTE, NUMERO_FATTURA_FORNITURA, N_FATTURA_ORDINE, NUM_PRESCRIZIONE)
VALUES (150, 166, 'ESS-016', 'OTTI-0020',20);

INSERT INTO LENTE_FINITA (PREZZO, N_LENTE, NUMERO_FATTURA_FORNITURA, N_FATTURA_ORDINE, NUM_PRESCRIZIONE)
VALUES (150, 167, 'ESS-016', 'OTTI-0022',22);

INSERT INTO LENTE_FINITA (PREZZO, N_LENTE, NUMERO_FATTURA_FORNITURA, N_FATTURA_ORDINE, NUM_PRESCRIZIONE)
VALUES (150, 168, 'ESS-016', 'OTTI-0022',22);

INSERT INTO LENTE_FINITA (PREZZO, N_LENTE, NUMERO_FATTURA_FORNITURA, N_FATTURA_ORDINE, NUM_PRESCRIZIONE)
VALUES (160, 169, 'ESS-016', 'OTTI-0022',22);

INSERT INTO LENTE_FINITA (PREZZO, N_LENTE, NUMERO_FATTURA_FORNITURA, N_FATTURA_ORDINE, NUM_PRESCRIZIONE)
VALUES (160, 170, 'ESS-016', 'OTTI-0022',22);

INSERT INTO LENTE_FINITA (PREZZO, N_LENTE, NUMERO_FATTURA_FORNITURA, N_FATTURA_ORDINE, NUM_PRESCRIZIONE)
VALUES (160, 171, 'ESS-016', 'OTTI-0023',23);

INSERT INTO LENTE_FINITA (PREZZO, N_LENTE, NUMERO_FATTURA_FORNITURA, N_FATTURA_ORDINE, NUM_PRESCRIZIONE)
VALUES (160, 172, 'ESS-016', 'OTTI-0023',23);

INSERT INTO LENTE_FINITA (PREZZO, N_LENTE, NUMERO_FATTURA_FORNITURA, N_FATTURA_ORDINE, NUM_PRESCRIZIONE)
VALUES (160, 173, 'ESS-016', 'OTTI-0024',24);

INSERT INTO LENTE_FINITA (PREZZO, N_LENTE, NUMERO_FATTURA_FORNITURA, N_FATTURA_ORDINE, NUM_PRESCRIZIONE)
VALUES (160, 174, 'ESS-016', 'OTTI-0024',24);

INSERT INTO LENTE_FINITA (PREZZO, N_LENTE, NUMERO_FATTURA_FORNITURA, N_FATTURA_ORDINE, NUM_PRESCRIZIONE)
VALUES (100, 175, 'ESS-016', 'OTTI-0024',24);

INSERT INTO LENTE_FINITA (PREZZO, N_LENTE, NUMERO_FATTURA_FORNITURA, N_FATTURA_ORDINE, NUM_PRESCRIZIONE)
VALUES (100, 176, 'ESS-016', 'OTTI-0024',24);

INSERT INTO LENTE_FINITA (PREZZO, N_LENTE, NUMERO_FATTURA_FORNITURA, N_FATTURA_ORDINE, NUM_PRESCRIZIONE)
VALUES (100, 177, 'ESS-016', 'OTTI-0025',25);

INSERT INTO LENTE_FINITA (PREZZO, N_LENTE, NUMERO_FATTURA_FORNITURA, N_FATTURA_ORDINE, NUM_PRESCRIZIONE)
VALUES (100, 178, 'ESS-016', 'OTTI-0025',25);

INSERT INTO LENTE_FINITA (PREZZO, N_LENTE, NUMERO_FATTURA_FORNITURA, N_FATTURA_ORDINE, NUM_PRESCRIZIONE)
VALUES (100, 179, 'ESS-016', 'OTTI-0026',26);

INSERT INTO LENTE_FINITA (PREZZO, N_LENTE, NUMERO_FATTURA_FORNITURA, N_FATTURA_ORDINE, NUM_PRESCRIZIONE)
VALUES (100, 180, 'ESS-016', 'OTTI-0026',26);

INSERT INTO LENTE_FINITA (PREZZO, N_LENTE, NUMERO_FATTURA_FORNITURA, N_FATTURA_ORDINE, NUM_PRESCRIZIONE)
VALUES (100, 181, 'ESS-016', 'OTTI-0024',27);

INSERT INTO LENTE_FINITA (PREZZO, N_LENTE, NUMERO_FATTURA_FORNITURA, N_FATTURA_ORDINE, NUM_PRESCRIZIONE)
VALUES (100, 182, 'ESS-016', 'OTTI-0024',27);

INSERT INTO LENTE_FINITA (PREZZO, N_LENTE, NUMERO_FATTURA_FORNITURA, N_FATTURA_ORDINE, NUM_PRESCRIZIONE)
VALUES (100, 183, 'ESS-016', 'OTTI-0027',27);

INSERT INTO LENTE_FINITA (PREZZO, N_LENTE, NUMERO_FATTURA_FORNITURA, N_FATTURA_ORDINE, NUM_PRESCRIZIONE)
VALUES (100, 184, 'ESS-016', 'OTTI-0027',27);

INSERT INTO LENTE_FINITA (PREZZO, N_LENTE, NUMERO_FATTURA_FORNITURA, N_FATTURA_ORDINE, NUM_PRESCRIZIONE)
VALUES (100, 185, 'ESS-016', 'OTTI-0028',28);

INSERT INTO LENTE_FINITA (PREZZO, N_LENTE, NUMERO_FATTURA_FORNITURA, N_FATTURA_ORDINE, NUM_PRESCRIZIONE)
VALUES (100, 186, 'ESS-016', 'OTTI-0028',28);

INSERT INTO LENTE_FINITA (PREZZO, N_LENTE, NUMERO_FATTURA_FORNITURA, N_FATTURA_ORDINE, NUM_PRESCRIZIONE)
VALUES (100, 187, 'ESS-016', 'OTTI-0024',29);

INSERT INTO LENTE_FINITA (PREZZO, N_LENTE, NUMERO_FATTURA_FORNITURA, N_FATTURA_ORDINE, NUM_PRESCRIZIONE)
VALUES (100, 188, 'ESS-016', 'OTTI-0029',29);

INSERT INTO LENTE_FINITA (PREZZO, N_LENTE, NUMERO_FATTURA_FORNITURA, N_FATTURA_ORDINE, NUM_PRESCRIZIONE)
VALUES (100, 013, 'HYA-011', 'OTTI-0030',NULL);

INSERT INTO LENTE_FINITA (PREZZO, N_LENTE, NUMERO_FATTURA_FORNITURA, N_FATTURA_ORDINE, NUM_PRESCRIZIONE)
VALUES (100, 014, 'HYA-011', 'OTTI-0030',NULL);

INSERT INTO LENTE_FINITA (PREZZO, N_LENTE, NUMERO_FATTURA_FORNITURA, N_FATTURA_ORDINE, NUM_PRESCRIZIONE)
VALUES (100, 015, 'HYA-011', 'OTTI-0031',NULL);

INSERT INTO LENTE_FINITA (PREZZO, N_LENTE, NUMERO_FATTURA_FORNITURA, N_FATTURA_ORDINE, NUM_PRESCRIZIONE)
VALUES (100, 016, 'HYA-011', 'OTTI-0031',NULL);

INSERT INTO LENTE_FINITA (PREZZO, N_LENTE, NUMERO_FATTURA_FORNITURA, N_FATTURA_ORDINE, NUM_PRESCRIZIONE)
VALUES (100, 017, 'HYA-011', 'OTTI-0032',NULL);

INSERT INTO LENTE_FINITA (PREZZO, N_LENTE, NUMERO_FATTURA_FORNITURA, N_FATTURA_ORDINE, NUM_PRESCRIZIONE)
VALUES (100, 018, 'HYA-011', 'OTTI-0032',NULL);

---POPOLAMENTO TABELLA CONSEGNA---
INSERT INTO CONSEGNA (MODALITA_CONSEGNA, ID_CONSEGNA, DATA_CONSEGNA, FASCIA_ORARIA, N_FATTURA_ORDINE)
VALUES ('A DOMICILIO', 1061, TO_DATE('2023-06-12', 'YYYY-MM-DD'), 'MATTINA', 'OTTI-0001');

INSERT INTO CONSEGNA (MODALITA_CONSEGNA, ID_CONSEGNA, DATA_CONSEGNA, FASCIA_ORARIA, N_FATTURA_ORDINE)
VALUES ('A DOMICILIO', 1062, TO_DATE('2023-06-13', 'YYYY-MM-DD'), 'MATTINA', 'OTTI-0002');

INSERT INTO CONSEGNA (MODALITA_CONSEGNA, ID_CONSEGNA, DATA_CONSEGNA, FASCIA_ORARIA, N_FATTURA_ORDINE)
VALUES ('A DOMICILIO', 1063, TO_DATE('2023-06-12', 'YYYY-MM-DD'), 'MATTINA', 'OTTI-0003');

INSERT INTO CONSEGNA (MODALITA_CONSEGNA, ID_CONSEGNA, DATA_CONSEGNA, FASCIA_ORARIA, N_FATTURA_ORDINE)
VALUES ('RITIRO IN NEGOZIO', 1064, TO_DATE('2023-06-12', 'YYYY-MM-DD'), 'POMERIGGIO', 'OTTI-0004');

INSERT INTO CONSEGNA (MODALITA_CONSEGNA, ID_CONSEGNA, DATA_CONSEGNA, FASCIA_ORARIA, N_FATTURA_ORDINE)
VALUES ('RITIRO IN NEGOZIO', 1065, TO_DATE('2023-06-14', 'YYYY-MM-DD'), 'POMERIGGIO', 'OTTI-0005');

INSERT INTO CONSEGNA (MODALITA_CONSEGNA, ID_CONSEGNA, DATA_CONSEGNA, FASCIA_ORARIA, N_FATTURA_ORDINE)
VALUES ('RITIRO IN NEGOZIO', 1066, TO_DATE('2023-06-15', 'YYYY-MM-DD'), 'POMERIGGIO', 'OTTI-0006');

INSERT INTO CONSEGNA (MODALITA_CONSEGNA, ID_CONSEGNA, DATA_CONSEGNA, FASCIA_ORARIA, N_FATTURA_ORDINE)
VALUES ('A DOMICILIO', 1067, TO_DATE('2023-06-16', 'YYYY-MM-DD'), 'MATTINA', 'OTTI-0007');

INSERT INTO CONSEGNA (MODALITA_CONSEGNA, ID_CONSEGNA, DATA_CONSEGNA, FASCIA_ORARIA, N_FATTURA_ORDINE)
VALUES ('A DOMICILIO', 1068, TO_DATE('2023-06-12', 'YYYY-MM-DD'), 'POMERIGGIO', 'OTTI-0008');

INSERT INTO CONSEGNA (MODALITA_CONSEGNA, ID_CONSEGNA, DATA_CONSEGNA, FASCIA_ORARIA, N_FATTURA_ORDINE)
VALUES ('A DOMICILIO', 1069, TO_DATE('2023-06-13', 'YYYY-MM-DD'), 'MATTINA', 'OTTI-0009');

INSERT INTO CONSEGNA (MODALITA_CONSEGNA, ID_CONSEGNA, DATA_CONSEGNA, FASCIA_ORARIA, N_FATTURA_ORDINE)
VALUES ('RITIRO IN NEGOZIO',1761 , TO_DATE('2023-06-19', 'YYYY-MM-DD'), 'MATTINA', 'OTTI-0010');

INSERT INTO CONSEGNA (MODALITA_CONSEGNA, ID_CONSEGNA, DATA_CONSEGNA, FASCIA_ORARIA, N_FATTURA_ORDINE)
VALUES ('A DOMICILIO', 1762, TO_DATE('2023-06-19', 'YYYY-MM-DD'), 'MATTINA', 'OTTI-0011');

INSERT INTO CONSEGNA (MODALITA_CONSEGNA, ID_CONSEGNA, DATA_CONSEGNA, FASCIA_ORARIA, N_FATTURA_ORDINE)
VALUES ('RITIRO IN NEGOZIO', 1763, TO_DATE('2023-06-20', 'YYYY-MM-DD'), 'POMERIGGIO', 'OTTI-0012');

INSERT INTO CONSEGNA (MODALITA_CONSEGNA, ID_CONSEGNA, DATA_CONSEGNA, FASCIA_ORARIA, N_FATTURA_ORDINE)
VALUES ('A DOMICILIO', 1764, TO_DATE('2023-06-21', 'YYYY-MM-DD'), 'MATTINA', 'OTTI-0013');

INSERT INTO CONSEGNA (MODALITA_CONSEGNA, ID_CONSEGNA, DATA_CONSEGNA, FASCIA_ORARIA, N_FATTURA_ORDINE)
VALUES ('RITIRO IN NEGOZIO', 1765, TO_DATE('2023-06-23', 'YYYY-MM-DD'), 'POMERIGGIO', 'OTTI-0014');

INSERT INTO CONSEGNA (MODALITA_CONSEGNA, ID_CONSEGNA, DATA_CONSEGNA, FASCIA_ORARIA, N_FATTURA_ORDINE)
VALUES ('A DOMICILIO', 2461, TO_DATE('2023-06-26', 'YYYY-MM-DD'), 'MATTINA', 'OTTI-0015');

INSERT INTO CONSEGNA (MODALITA_CONSEGNA, ID_CONSEGNA, DATA_CONSEGNA, FASCIA_ORARIA, N_FATTURA_ORDINE)
VALUES ('A DOMICILIO', 2462, TO_DATE('2023-06-27', 'YYYY-MM-DD'), 'MATTINA', 'OTTI-0016');

INSERT INTO CONSEGNA (MODALITA_CONSEGNA, ID_CONSEGNA, DATA_CONSEGNA, FASCIA_ORARIA, N_FATTURA_ORDINE)
VALUES ('RITIRO IN NEGOZIO',2463, TO_DATE('2023-06-26', 'YYYY-MM-DD'), 'POMERIGGIO', 'OTTI-0017');

INSERT INTO CONSEGNA (MODALITA_CONSEGNA, ID_CONSEGNA, DATA_CONSEGNA, FASCIA_ORARIA, N_FATTURA_ORDINE)
VALUES ('A DOMICILIO', 2464, TO_DATE('2023-06-28', 'YYYY-MM-DD'), 'POMERIGGIO', 'OTTI-0018');

INSERT INTO CONSEGNA (MODALITA_CONSEGNA, ID_CONSEGNA, DATA_CONSEGNA, FASCIA_ORARIA, N_FATTURA_ORDINE)
VALUES ('A DOMICILIO', 2465, TO_DATE('2023-06-29', 'YYYY-MM-DD'), 'POMERIGGIO', 'OTTI-0019');

INSERT INTO CONSEGNA (MODALITA_CONSEGNA, ID_CONSEGNA, DATA_CONSEGNA, FASCIA_ORARIA, N_FATTURA_ORDINE)
VALUES ('A DOMICILIO', 2466, TO_DATE('2023-06-27', 'YYYY-MM-DD'), 'MATTINA', 'OTTI-0020');

INSERT INTO CONSEGNA (MODALITA_CONSEGNA, ID_CONSEGNA, DATA_CONSEGNA, FASCIA_ORARIA, N_FATTURA_ORDINE)
VALUES ('RITIRO IN NEGOZIO', 0171, TO_DATE('2023-07-03', 'YYYY-MM-DD'), 'POMERIGGIO', 'OTTI-0021');

INSERT INTO CONSEGNA (MODALITA_CONSEGNA, ID_CONSEGNA, DATA_CONSEGNA, FASCIA_ORARIA, N_FATTURA_ORDINE)
VALUES ('A DOMICILIO', 0172, TO_DATE('2023-07-03', 'YYYY-MM-DD'), 'POMERIGGIO', 'OTTI-0022');

INSERT INTO CONSEGNA (MODALITA_CONSEGNA, ID_CONSEGNA, DATA_CONSEGNA, FASCIA_ORARIA, N_FATTURA_ORDINE)
VALUES ('A DOMICILIO', 0173, TO_DATE('2023-07-04', 'YYYY-MM-DD'), 'MATTINA', 'OTTI-0023');

INSERT INTO CONSEGNA (MODALITA_CONSEGNA, ID_CONSEGNA, DATA_CONSEGNA, FASCIA_ORARIA, N_FATTURA_ORDINE)
VALUES ('A DOMICILIO', 0174, TO_DATE('2023-07-04', 'YYYY-MM-DD'), 'MATTINA', 'OTTI-0024');

INSERT INTO CONSEGNA (MODALITA_CONSEGNA, ID_CONSEGNA, DATA_CONSEGNA, FASCIA_ORARIA, N_FATTURA_ORDINE)
VALUES ('RITIRO IN NEGOZIO', 0175, TO_DATE('2023-07-05', 'YYYY-MM-DD'), 'POMERIGGIO', 'OTTI-0025');

INSERT INTO CONSEGNA (MODALITA_CONSEGNA, ID_CONSEGNA, DATA_CONSEGNA, FASCIA_ORARIA, N_FATTURA_ORDINE)
VALUES ('A DOMICILIO', 0176, TO_DATE('2023-07-03', 'YYYY-MM-DD'), 'MATTINA', 'OTTI-0026');

INSERT INTO CONSEGNA (MODALITA_CONSEGNA, ID_CONSEGNA, DATA_CONSEGNA, FASCIA_ORARIA, N_FATTURA_ORDINE)
VALUES ('A DOMICILIO', 0177, TO_DATE('2023-07-06', 'YYYY-MM-DD'), 'MATTINA', 'OTTI-0027');

INSERT INTO CONSEGNA (MODALITA_CONSEGNA, ID_CONSEGNA, DATA_CONSEGNA, FASCIA_ORARIA, N_FATTURA_ORDINE)
VALUES ('RITIRO IN NEGOZIO', 0178, TO_DATE('2023-07-07', 'YYYY-MM-DD'), 'POMERIGGIO', 'OTTI-0028');

INSERT INTO CONSEGNA (MODALITA_CONSEGNA, ID_CONSEGNA, DATA_CONSEGNA, FASCIA_ORARIA, N_FATTURA_ORDINE)
VALUES ('A DOMICILIO', 0871, TO_DATE('2023-07-10', 'YYYY-MM-DD'), 'MATTINA', 'OTTI-0029');

INSERT INTO CONSEGNA (MODALITA_CONSEGNA, ID_CONSEGNA, DATA_CONSEGNA, FASCIA_ORARIA, N_FATTURA_ORDINE)
VALUES ('A DOMICILIO', 0872, TO_DATE('2023-07-11', 'YYYY-MM-DD'), 'POMERIGGIO', 'OTTI-0030');

INSERT INTO CONSEGNA (MODALITA_CONSEGNA, ID_CONSEGNA, DATA_CONSEGNA, FASCIA_ORARIA, N_FATTURA_ORDINE)
VALUES ('A DOMICILIO', 0873, TO_DATE('2023-07-12', 'YYYY-MM-DD'), 'MATTINA', 'OTTI-0031');

INSERT INTO CONSEGNA (MODALITA_CONSEGNA, ID_CONSEGNA, DATA_CONSEGNA, FASCIA_ORARIA, N_FATTURA_ORDINE)
VALUES ('A DOMICILIO', 0874, TO_DATE('2023-07-12', 'YYYY-MM-DD'), 'MATTINA', 'OTTI-0032');

INSERT INTO CONSEGNA (MODALITA_CONSEGNA, ID_CONSEGNA, DATA_CONSEGNA, FASCIA_ORARIA, N_FATTURA_ORDINE)
VALUES ('A DOMICILIO', 0875, TO_DATE('2023-07-14', 'YYYY-MM-DD'), 'MATTINA', 'OTTI-0033');


---POPOLAMENTO TABELLA CORRIERE---
INSERT INTO CORRIERE (ID_CORRIERE, ID_CONSEGNA, NOME_CORRIERE, COGNOME_CORRIERE)
VALUES (100001, 1061, 'GIUSEPPE', 'FOLLE');

INSERT INTO CORRIERE (ID_CORRIERE, ID_CONSEGNA, NOME_CORRIERE, COGNOME_CORRIERE)
VALUES (100001, 1062, 'GIUSEPPE', 'FOLLE');

INSERT INTO CORRIERE (ID_CORRIERE, ID_CONSEGNA, NOME_CORRIERE, COGNOME_CORRIERE)
VALUES (100001, 1063, 'GIUSEPPE', 'FOLLE');

INSERT INTO CORRIERE (ID_CORRIERE, ID_CONSEGNA, NOME_CORRIERE, COGNOME_CORRIERE)
VALUES (100001, 1067, 'GIUSEPPE', 'FOLLE');

INSERT INTO CORRIERE (ID_CORRIERE, ID_CONSEGNA, NOME_CORRIERE, COGNOME_CORRIERE)
VALUES (100001, 1068, 'GIUSEPPE', 'FOLLE');

INSERT INTO CORRIERE (ID_CORRIERE, ID_CONSEGNA, NOME_CORRIERE, COGNOME_CORRIERE)
VALUES (100001, 1069, 'GIUSEPPE', 'FOLLE');

INSERT INTO CORRIERE (ID_CORRIERE, ID_CONSEGNA, NOME_CORRIERE, COGNOME_CORRIERE)
VALUES (100011, 1762, 'ANTONINO', 'MOTOSEGA');

INSERT INTO CORRIERE (ID_CORRIERE, ID_CONSEGNA, NOME_CORRIERE, COGNOME_CORRIERE)
VALUES (100011, 1763, 'ANTONINO', 'MOTOSEGA');

INSERT INTO CORRIERE (ID_CORRIERE, ID_CONSEGNA, NOME_CORRIERE, COGNOME_CORRIERE)
VALUES (100011, 1764, 'ANTONINO', 'MOTOSEGA');

INSERT INTO CORRIERE (ID_CORRIERE, ID_CONSEGNA, NOME_CORRIERE, COGNOME_CORRIERE)
VALUES (100015, 2461, 'GIUSEPPE', 'SPACCONE');

INSERT INTO CORRIERE (ID_CORRIERE, ID_CONSEGNA, NOME_CORRIERE, COGNOME_CORRIERE)
VALUES (100015, 2462, 'GIUSEPPE', 'SPACCONE');

INSERT INTO CORRIERE (ID_CORRIERE, ID_CONSEGNA, NOME_CORRIERE, COGNOME_CORRIERE)
VALUES (100015, 2464, 'GIUSEPPE', 'SPACCONE');

INSERT INTO CORRIERE (ID_CORRIERE, ID_CONSEGNA, NOME_CORRIERE, COGNOME_CORRIERE)
VALUES (100015, 2465, 'GIUSEPPE', 'SPACCONE');

INSERT INTO CORRIERE (ID_CORRIERE, ID_CONSEGNA, NOME_CORRIERE, COGNOME_CORRIERE)
VALUES (100015, 2466, 'GIUSEPPE', 'SPACCONE');

INSERT INTO CORRIERE (ID_CORRIERE, ID_CONSEGNA, NOME_CORRIERE, COGNOME_CORRIERE)
VALUES (100022, 0172, 'FLAVIO', 'TORROMARCO');

INSERT INTO CORRIERE (ID_CORRIERE, ID_CONSEGNA, NOME_CORRIERE, COGNOME_CORRIERE)
VALUES (100022, 0173, 'FLAVIO', 'TORROMARCO');

INSERT INTO CORRIERE (ID_CORRIERE, ID_CONSEGNA, NOME_CORRIERE, COGNOME_CORRIERE)
VALUES (100022, 0174, 'FLAVIO', 'TORROMARCO');

INSERT INTO CORRIERE (ID_CORRIERE, ID_CONSEGNA, NOME_CORRIERE, COGNOME_CORRIERE)
VALUES (100022, 0176, 'FLAVIO', 'TORROMARCO');

INSERT INTO CORRIERE (ID_CORRIERE, ID_CONSEGNA, NOME_CORRIERE, COGNOME_CORRIERE)
VALUES (100022, 0177, 'FLAVIO', 'TORROMARCO');

INSERT INTO CORRIERE (ID_CORRIERE, ID_CONSEGNA, NOME_CORRIERE, COGNOME_CORRIERE)
VALUES (100030, 0871, 'EMANUELE', 'BIANCO');

INSERT INTO CORRIERE (ID_CORRIERE, ID_CONSEGNA, NOME_CORRIERE, COGNOME_CORRIERE)
VALUES (100030, 0872, 'EMANUELE', 'BIANCO');

INSERT INTO CORRIERE (ID_CORRIERE, ID_CONSEGNA, NOME_CORRIERE, COGNOME_CORRIERE)
VALUES (100030, 0873, 'EMANUELE', 'BIANCO');

INSERT INTO CORRIERE (ID_CORRIERE, ID_CONSEGNA, NOME_CORRIERE, COGNOME_CORRIERE)
VALUES (100030, 0874, 'EMANUELE', 'BIANCO');

INSERT INTO CORRIERE (ID_CORRIERE, ID_CONSEGNA, NOME_CORRIERE, COGNOME_CORRIERE)
VALUES (100030, 0875, 'EMANUELE', 'BIANCO');












































































